지하철역명,환승역,mart,store,kindergarten,school,academy,parking,gas_station,subway,bank,culture,agency,public,attraction,accommodation,restaurant,cafe,hospital,pharmacy,랜드마크,통계적_지역특성,04시_승차,05시_승차,06시_승차,07시_승차,08시_승차,09시_승차,10시_승차,11시_승차,12시_승차,13시_승차,14시_승차,15시_승차,16시_승차,17시_승차,18시_승차,19시_승차,20시_승차,21시_승차,22시_승차,23시_승차,00시_승차,01시_승차,02시_승차,03시_승차,04시_하차,05시_하차,06시_하차,07시_하차,08시_하차,09시_하차,10시_하차,11시_하차,12시_하차,13시_하차,14시_하차,15시_하차,16시_하차,17시_하차,18시_하차,19시_하차,20시_하차,21시_하차,22시_하차,23시_하차,00시_하차,01시_하차,02시_하차,03시_하차,SBWY_ROUT_LN_NM
가락시장,3호선,3,20,6,2,28,31,1,2,33,3,52,1,0,4,369,64,62,20,,주거/가정,56.583333333333336,2935.25,7564.5,21529.333333333332,22877.5,16922.166666666668,14998.0,14184.0,14410.333333333334,14325.166666666666,14366.5,15562.333333333334,16658.833333333332,20642.666666666668,26703.166666666668,12166.833333333334,9751.5,8685.75,6123.916666666667,2475.5,420.25,2.3333333333333335,0.0,0.0,13.916666666666666,773.4166666666666,5776.666666666667,11368.5,25988.916666666668,13977.166666666666,10525.75,11459.333333333334,12330.583333333334,12848.666666666666,13388.25,15470.666666666666,16939.416666666668,21115.416666666668,26812.583333333332,18780.833333333332,12341.666666666666,10637.833333333334,9970.833333333334,5255.166666666667,1735.8333333333333,47.833333333333336,0.0,0.0,3호선
강남,2호선,1,54,3,1,317,162,0,2,66,13,179,1,4,15,884,230,445,52,,교육/학원가,150.0,7965.5,17735.166666666668,40433.583333333336,62174.75,53627.833333333336,55816.083333333336,73094.0,89986.5,105651.25,117965.0,142838.41666666666,169747.66666666666,254911.33333333334,318109.5,214535.08333333334,165946.16666666666,181748.41666666666,158484.83333333334,72829.16666666667,12140.5,10.0,0.16666666666666666,0.0,9.25,11333.166666666666,55236.833333333336,153165.5,311505.4166666667,323742.25,157129.0,106305.75,103692.66666666667,119080.33333333333,107643.16666666667,101987.0,111263.08333333333,143572.91666666666,179633.91666666666,105611.41666666667,61058.083333333336,50948.166666666664,41955.916666666664,23048.666666666668,6381.416666666667,73.41666666666667,1.0833333333333333,0.0,2호선
강변(동서울터미널),2호선,1,18,6,1,40,29,0,1,18,3,43,1,0,1,147,42,28,9,동서울터미널,주거/생활권 (일반),32.833333333333336,8712.5,21967.75,64672.833333333336,98705.83333333333,74006.33333333333,59985.5,52181.083333333336,48068.75,45480.833333333336,42532.083333333336,45271.833333333336,48757.166666666664,53529.083333333336,55660.0,37821.166666666664,30085.5,24634.166666666668,15948.416666666666,5909.916666666667,805.6666666666666,1.1666666666666667,0.0,0.0,1.1666666666666667,1723.5,20799.083333333332,22162.083333333332,39895.583333333336,34240.083333333336,32941.5,32559.833333333332,36364.416666666664,40516.083333333336,44146.333333333336,52573.916666666664,56506.416666666664,69528.75,91451.75,63499.583333333336,45351.75,37072.916666666664,32371.916666666668,17221.333333333332,4460.666666666667,55.583333333333336,0.08333333333333333,0.0,2호선
건대입구,2호선,2,40,3,0,38,38,0,2,30,10,73,0,5,9,769,188,70,24,,대학가,313.6666666666667,14895.166666666666,21960.416666666668,53469.833333333336,90843.66666666667,64281.75,42246.583333333336,40236.75,47054.75,51160.083333333336,53721.416666666664,59280.5,68661.91666666667,79393.66666666667,88076.0,67807.16666666667,69778.58333333333,74285.25,72836.33333333333,43423.0,7096.666666666667,13.916666666666666,0.08333333333333333,0.0,8.916666666666666,1752.25,14673.5,23683.75,58545.916666666664,48868.583333333336,46017.083333333336,48495.0,54828.0,60335.333333333336,60936.416666666664,67092.83333333333,79774.91666666667,106355.16666666667,149920.58333333334,104197.08333333333,67427.58333333333,62833.916666666664,55463.166666666664,32740.5,11541.5,1008.0,1.25,0.0,2호선
경복궁(정부서울청사),3호선,1,19,5,0,33,41,0,1,39,44,50,6,5,41,575,186,41,8,정부서울청사,여행/관광,28.25,2372.8333333333335,6279.333333333333,13612.416666666666,21055.416666666668,20708.833333333332,20548.0,29102.083333333332,36792.416666666664,45296.833333333336,55669.583333333336,67810.91666666667,81421.08333333333,102311.08333333333,121266.16666666667,52514.833333333336,45830.166666666664,41671.25,26041.833333333332,9218.916666666666,1121.4166666666667,3.8333333333333335,0.0,0.0,7.75,1798.75,15143.25,41758.833333333336,134749.66666666666,92228.33333333333,65626.41666666667,63176.25,58301.583333333336,58692.916666666664,50948.166666666664,45911.25,43115.75,40978.166666666664,40661.666666666664,25434.0,14006.25,11584.25,10102.0,5595.416666666667,1566.5833333333333,38.75,0.0,0.0,3호선
경찰병원,3호선,1,25,8,2,75,23,2,1,26,2,63,3,0,2,355,86,44,13,,주거/가정,8.166666666666666,3061.25,8253.583333333334,23464.75,26260.166666666668,15877.0,12203.083333333334,11132.583333333334,10350.916666666666,10345.25,10790.5,11089.416666666666,10967.5,16049.666666666666,18933.583333333332,7457.083333333333,5903.333333333333,4914.25,3280.6666666666665,1018.25,148.5,0.16666666666666666,0.0,0.0,0.6666666666666666,278.25,3351.6666666666665,9918.083333333334,26669.083333333332,15254.666666666666,9064.166666666666,7290.083333333333,8590.166666666666,9924.333333333334,9079.666666666666,9792.416666666666,10747.916666666666,16209.416666666666,22613.916666666668,17321.25,10723.833333333334,9402.333333333334,8653.833333333334,5123.333333333333,1459.5,2.25,1.1666666666666667,0.0,3호선
고속터미널,3호선,2,23,2,1,202,40,2,3,60,5,122,1,0,2,371,87,81,23,,교육/학원가,153.75,5580.416666666667,7916.083333333333,25743.75,46661.166666666664,54922.083333333336,59700.583333333336,73122.0,87547.75,96683.16666666667,111574.91666666667,128348.66666666667,138539.66666666666,150332.0,142690.08333333334,121462.41666666667,134051.08333333334,83185.91666666667,51433.5,17721.75,1856.5,1.3333333333333333,0.0,0.0,3.0833333333333335,4031.9166666666665,34890.5,49672.0,76914.41666666667,99977.08333333333,103968.16666666667,111663.83333333333,105019.41666666667,104538.83333333333,109277.5,113842.5,112478.0,118615.66666666667,121714.08333333333,76699.91666666667,49899.583333333336,38579.333333333336,27220.75,13073.25,2340.1666666666665,7.916666666666667,0.0,0.0,3호선
교대(법원.검찰청),"2호선, 3호선",3,30,1,2,120,73,0,2,48,10,114,5,0,4,614,135,120,26,법원.검찰청,대학가,44.166666666666664,2302.625,7821.708333333333,17762.416666666668,25861.291666666668,21540.375,21161.458333333332,25832.041666666668,28591.708333333332,34821.041666666664,40645.083333333336,43618.583333333336,47485.541666666664,74969.25,100674.54166666667,47978.291666666664,41626.5,39998.666666666664,29731.125,12028.125,2157.2916666666665,1.2083333333333333,0.041666666666666664,0.0,1.5416666666666667,3614.625,17077.375,36973.416666666664,101818.125,83085.75,43801.5,36202.666666666664,33534.958333333336,35714.416666666664,31254.125,29452.375,31065.166666666668,41159.083333333336,45556.291666666664,26183.791666666668,16434.625,14534.166666666666,13591.583333333334,7299.208333333333,2167.3333333333335,14.75,0.125,0.0,2호선
구로디지털단지,2호선,1,34,3,1,41,45,1,1,40,3,84,2,3,18,545,90,57,13,,여행/관광,383.25,38133.75,52514.666666666664,137038.75,181477.08333333334,113638.75,70706.66666666667,64003.25,71327.91666666667,69595.16666666667,63927.416666666664,70871.33333333333,86086.66666666667,136763.41666666666,197866.08333333334,98265.08333333333,62620.833333333336,51504.166666666664,39846.75,18560.166666666668,3410.8333333333335,4.916666666666667,0.16666666666666666,0.0,14.666666666666666,4800.916666666667,19843.333333333332,80974.75,217359.5,136512.75,58161.083333333336,46626.583333333336,52077.416666666664,65003.25,62365.5,68963.58333333333,83190.91666666667,111673.58333333333,161172.41666666666,127093.91666666667,86396.5,85733.75,81568.5,47898.666666666664,13928.416666666666,265.8333333333333,1.0833333333333333,0.0,2호선
구의(광진구청),2호선,3,29,3,0,44,31,1,1,16,4,89,2,1,7,406,68,70,17,광진구청,주거/가정,76.25,13301.5,27202.0,72372.08333333333,117604.58333333333,73633.91666666667,41946.5,34368.75,36240.833333333336,36160.75,34170.333333333336,35844.75,42647.916666666664,44172.833333333336,48638.75,28213.416666666668,21959.416666666668,20273.916666666668,17016.916666666668,8653.083333333334,1409.1666666666667,4.583333333333333,0.0,0.0,5.083333333333333,1385.0833333333333,19674.416666666668,18159.333333333332,42549.583333333336,24781.666666666668,23335.333333333332,24016.5,27151.666666666668,30632.333333333332,32433.583333333332,40136.333333333336,47031.083333333336,64643.166666666664,101258.25,72166.75,49671.583333333336,46625.0,42513.75,23724.833333333332,7448.833333333333,110.33333333333333,0.0,0.0,2호선
구파발,3호선,3,16,4,1,82,15,0,1,24,1,41,3,0,1,182,47,48,18,,주거/가정,171.5,12673.5,34227.916666666664,83366.08333333333,80582.75,46676.166666666664,33489.416666666664,32534.666666666668,33670.666666666664,32458.916666666668,33312.5,37629.5,42183.166666666664,40780.666666666664,31780.333333333332,21261.666666666668,17118.083333333332,14747.916666666666,11658.083333333334,3188.75,597.4166666666666,1.5833333333333333,0.0,0.0,3.5833333333333335,1651.9166666666667,11385.0,21736.166666666668,29399.916666666668,26563.75,28423.166666666668,27323.583333333332,28460.25,30906.0,31942.166666666668,33287.5,40744.75,49775.166666666664,76129.33333333333,61759.25,36399.083333333336,32617.916666666668,29362.5,20051.333333333332,8074.083333333333,321.9166666666667,1.25,0.0,3호선
금호,3호선,2,10,11,2,48,9,0,1,12,0,59,0,2,1,134,22,31,11,,주거/가정,65.66666666666667,4225.166666666667,10129.666666666666,26957.166666666668,37083.833333333336,23128.333333333332,15110.25,13203.166666666666,12852.25,11938.333333333334,10595.25,10340.0,11116.166666666666,12055.083333333334,11572.833333333334,8367.916666666666,6051.833333333333,4657.666666666667,3616.9166666666665,1818.5833333333333,373.0833333333333,0.9166666666666666,0.0,0.0,8.083333333333334,626.5,2656.3333333333335,4777.5,9289.916666666666,7086.666666666667,7017.833333333333,7283.416666666667,8551.583333333334,10132.833333333334,11148.25,13891.583333333334,16857.75,21839.166666666668,30321.166666666668,21581.333333333332,15118.666666666666,13106.75,12420.666666666666,6385.75,1737.5,2.4166666666666665,0.0,0.0,3호선
길음,4호선,2,10,14,1,100,15,0,1,21,1,47,3,1,9,127,29,42,15,,주거/가정,27.416666666666668,10700.166666666666,33372.416666666664,85918.83333333333,88733.83333333333,51240.75,35356.666666666664,31915.166666666668,32778.5,31838.166666666668,29592.833333333332,31323.0,35283.583333333336,35725.416666666664,33938.5,19099.666666666668,15241.0,12014.916666666666,11301.5,4246.916666666667,627.5,0.75,0.0,0.0,2.75,1526.8333333333333,7505.916666666667,14347.583333333334,32609.916666666668,25276.5,22082.25,24358.416666666668,24894.416666666668,28266.833333333332,29657.083333333332,33034.833333333336,42011.0,55697.583333333336,79493.83333333333,62980.166666666664,40602.416666666664,37593.666666666664,35760.25,20712.0,5249.75,18.833333333333332,0.0,0.0,4호선
낙성대(강감찬),2호선,1,21,7,3,42,20,3,1,17,3,65,2,2,3,316,70,47,17,강감찬,주거/가정,45.0,11611.416666666666,26974.166666666668,83018.58333333333,122747.58333333333,80898.5,46326.833333333336,39249.333333333336,42407.75,41878.25,37570.75,38389.666666666664,41337.75,47246.5,52081.75,30035.583333333332,24096.083333333332,21635.166666666668,16249.166666666666,8478.666666666666,1518.5,4.25,0.0,0.0,1.8333333333333333,2305.4166666666665,9484.083333333334,18993.666666666668,41329.666666666664,34513.916666666664,27813.333333333332,25699.5,28417.083333333332,30626.833333333332,32675.5,39134.75,45680.833333333336,63156.916666666664,100237.33333333333,82892.66666666667,56388.083333333336,53732.0,52865.166666666664,32336.333333333332,8907.083333333334,147.91666666666666,0.5,0.0,2호선
남부터미널(예술의전당),3호선,4,34,1,1,83,64,2,1,33,19,99,3,2,15,362,116,55,13,예술의전당,주거/가정,27.833333333333332,3054.75,9182.916666666666,28403.75,44468.583333333336,38292.833333333336,35976.583333333336,40763.916666666664,42559.416666666664,46267.166666666664,48555.333333333336,55428.416666666664,69789.75,113667.33333333333,135756.25,63562.166666666664,44529.75,39524.0,29884.0,8558.166666666666,895.5833333333334,0.5,0.0,0.0,1.25,1333.6666666666667,29434.416666666668,65277.0,153744.16666666666,87822.75,52560.416666666664,40455.083333333336,43010.166666666664,50071.666666666664,48991.833333333336,48100.666666666664,51081.833333333336,56785.25,63731.0,41196.083333333336,25521.916666666668,19946.416666666668,16385.0,9680.916666666666,2589.4166666666665,9.666666666666666,0.0,0.0,3호선
남태령,4호선,0,1,2,0,0,1,1,1,0,0,1,1,0,0,2,1,1,1,,주거/생활권 (일반),17.083333333333332,665.5,1139.75,2441.5833333333335,3789.75,2800.75,2373.0833333333335,2388.3333333333335,2528.9166666666665,2267.25,2221.6666666666665,2802.5,3916.25,5495.0,4194.583333333333,1775.5833333333333,1174.25,832.3333333333334,603.0,332.8333333333333,37.666666666666664,0.16666666666666666,0.0,0.0,0.08333333333333333,74.08333333333333,2019.4166666666667,5682.25,5595.166666666667,1926.5833333333333,1361.4166666666667,1287.1666666666667,1515.5,1554.6666666666667,1688.0833333333333,1703.1666666666667,1983.8333333333333,1819.3333333333333,2005.75,1682.1666666666667,1656.0,1269.8333333333333,1118.0,614.5,172.33333333333334,0.25,0.0,0.0,4호선
노원,4호선,0,29,9,3,167,57,1,2,35,5,79,4,1,8,606,112,152,27,,교육/학원가,263.4166666666667,12661.333333333334,24643.666666666668,53630.916666666664,55791.75,35213.833333333336,29062.416666666668,29782.0,33895.916666666664,33285.916666666664,33298.583333333336,35709.75,38290.333333333336,39020.416666666664,37909.5,28336.583333333332,29404.0,27893.0,24324.583333333332,11550.416666666666,2540.25,16.166666666666668,0.3333333333333333,0.0,4.666666666666667,816.5833333333334,9386.666666666666,14620.166666666666,34051.5,35145.833333333336,27066.583333333332,27972.583333333332,31449.666666666668,35760.75,35112.916666666664,39393.5,47797.916666666664,61047.0,86102.16666666667,66824.66666666667,41370.25,35633.833333333336,31173.75,20706.25,7348.083333333333,794.1666666666666,0.08333333333333333,0.0,4호선
녹번,3호선,1,8,8,1,47,3,1,1,9,1,41,1,0,2,72,20,32,8,,주거/생활권 (일반),66.91666666666667,9674.916666666666,24861.75,68778.66666666667,75537.58333333333,43107.0,28018.0,23932.833333333332,23543.666666666668,21348.0,18134.416666666668,17561.333333333332,18355.5,18406.5,19330.75,10070.916666666666,7452.416666666667,6048.666666666667,4253.583333333333,1576.25,251.83333333333334,0.4166666666666667,0.0,0.0,2.25,492.75,3524.5833333333335,7922.083333333333,16407.25,10768.5,9413.166666666666,10459.5,12675.166666666666,14514.0,16910.75,21582.083333333332,28534.0,37431.25,61265.333333333336,49388.166666666664,30930.916666666668,27745.0,24828.333333333332,14092.833333333334,3841.8333333333335,7.333333333333333,0.0,0.0,3호선
당고개,4호선,1,9,2,2,31,6,0,1,9,0,36,3,0,3,109,19,17,7,,주거/생활권 (일반),84.0,8147.6,16485.0,42174.2,35534.0,22637.6,17198.0,15693.0,16004.2,15657.0,13814.8,13306.8,13833.0,13297.0,12194.2,7293.2,5219.0,4481.2,2964.2,1510.2,320.0,1.8,0.0,0.0,0.0,34.2,4218.2,6186.0,9745.6,9856.2,9313.6,9022.6,9952.6,10700.0,11842.0,14179.8,16812.0,19598.8,26647.8,24168.4,16962.6,15279.2,14237.6,9776.6,3520.4,424.2,4.2,0.2,4호선
당산,2호선,1,23,7,2,61,29,3,2,19,0,54,2,0,9,247,61,65,15,,주거/가정,45.75,8095.916666666667,18925.083333333332,47058.833333333336,57565.666666666664,35437.083333333336,26109.25,24889.666666666668,25722.583333333332,24478.666666666668,22634.5,24385.166666666668,30205.583333333332,43138.0,56907.5,26176.416666666668,21266.5,20448.583333333332,17204.5,8804.666666666666,1469.0,4.666666666666667,0.08333333333333333,0.0,7.25,3614.1666666666665,14532.166666666666,28047.0,74459.5,32558.0,17155.333333333332,16886.25,19665.333333333332,22225.416666666668,22892.0,27454.333333333332,34461.75,50621.916666666664,74723.33333333333,50354.583333333336,34717.416666666664,33409.5,30554.083333333332,19328.833333333332,4880.333333333333,133.25,0.3333333333333333,0.0,2호선
대림(구로구청),2호선,1,31,12,3,26,21,1,2,25,0,58,2,2,1,426,32,50,17,구로구청,주거/가정,739.5,34322.083333333336,29553.75,66096.83333333333,94033.75,63229.166666666664,41079.666666666664,35500.25,37521.416666666664,36785.0,34295.583333333336,35377.25,38313.0,43958.833333333336,48679.083333333336,25529.416666666668,19000.916666666668,14527.666666666666,10700.333333333334,5319.916666666667,786.0,5.0,0.0,0.0,21.75,3237.5,10638.0,22293.5,51269.0,34562.416666666664,33011.916666666664,35638.916666666664,33764.5,33810.25,34595.583333333336,42817.5,50355.916666666664,61711.083333333336,68334.91666666667,50916.666666666664,40202.166666666664,49106.25,45634.333333333336,22517.0,5725.416666666667,203.83333333333334,1.0833333333333333,0.0,2호선
대청,3호선,3,13,11,3,47,11,1,1,17,0,64,4,1,0,88,36,33,12,,주거/가정,100.75,3854.5833333333335,12271.083333333334,31508.25,38288.25,22074.75,17045.5,15380.166666666666,15097.083333333334,15437.166666666666,14355.833333333334,18276.583333333332,20616.333333333332,25014.666666666668,27012.583333333332,11740.083333333334,8574.416666666666,6916.166666666667,5229.25,1785.6666666666667,307.0833333333333,0.4166666666666667,0.0,0.0,1.6666666666666667,1074.75,6848.166666666667,18272.833333333332,27072.5,12829.916666666666,9314.583333333334,8860.166666666666,10609.583333333334,12073.25,12766.416666666666,15541.583333333334,17190.75,23067.25,31073.916666666668,24879.666666666668,17414.333333333332,15755.166666666666,16109.0,8221.416666666666,2750.1666666666665,13.833333333333334,0.0,0.0,3호선
대치,3호선,4,13,6,2,260,25,0,1,21,2,112,3,0,0,148,35,67,14,,교육/학원가,19.416666666666668,2927.6666666666665,13145.75,29746.833333333332,29933.833333333332,18776.666666666668,15427.5,14653.25,17545.75,18394.5,16921.333333333332,18252.583333333332,21147.166666666668,34034.0,29565.583333333332,18819.083333333332,13717.666666666666,17147.25,36473.75,3639.3333333333335,392.3333333333333,1.0,0.0,0.0,0.6666666666666666,646.3333333333334,8231.083333333334,19000.75,29694.0,21030.916666666668,14640.916666666666,13715.583333333334,18726.5,22705.333333333332,19412.083333333332,22882.833333333332,27439.75,34228.833333333336,34028.75,24313.75,14498.75,13984.0,11517.833333333334,6560.083333333333,2094.0,7.166666666666667,0.0,0.0,3호선
도곡,3호선,1,6,2,5,58,24,0,2,28,1,82,1,1,0,72,20,44,9,,주거/생활권 (일반),51.166666666666664,1164.6666666666667,4611.666666666667,12173.75,15147.333333333334,9737.083333333334,8135.083333333333,8060.5,8404.583333333334,8543.333333333334,9104.0,11201.75,13378.166666666666,17804.583333333332,18290.833333333332,9340.416666666666,6779.833333333333,5990.833333333333,4728.083333333333,1270.8333333333333,185.91666666666666,0.9166666666666666,0.0,0.0,2.5833333333333335,372.5,4660.75,14576.25,21652.333333333332,16832.916666666668,8179.0,7739.833333333333,7352.583333333333,8200.083333333334,7968.583333333333,8345.0,8812.5,11044.833333333334,13352.416666666666,10309.416666666666,6532.583333333333,6053.583333333333,5202.75,3089.8333333333335,1827.1666666666667,300.8333333333333,0.9166666666666666,0.0,3호선
도림천,2호선,0,7,10,3,35,8,0,1,3,0,10,0,0,1,31,9,3,2,,주거/생활권 (일반),1.1666666666666667,407.0,1367.3333333333333,3424.5833333333335,3614.1666666666665,2275.5,2262.6666666666665,1944.4166666666667,2270.9166666666665,1862.1666666666667,2274.0833333333335,2486.75,2942.0833333333335,3156.4166666666665,3677.0833333333335,1647.5833333333333,1031.9166666666667,920.8333333333334,542.9166666666666,199.66666666666666,43.0,0.9166666666666666,0.3333333333333333,0.0,0.25,340.6666666666667,886.4166666666666,3740.9166666666665,5636.166666666667,2330.9166666666665,1573.3333333333333,1494.5,1908.5833333333333,1807.0,1945.25,1733.75,2125.25,2637.25,3516.1666666666665,2784.8333333333335,1969.3333333333333,1641.8333333333333,1291.0833333333333,950.9166666666666,305.3333333333333,8.083333333333334,0.0,0.0,2호선
독립문,3호선,1,12,7,3,55,10,0,1,9,6,34,4,1,2,69,20,14,3,,주거/생활권 (일반),170.91666666666666,4836.083333333333,6368.75,15344.0,19444.666666666668,15926.083333333334,14252.166666666666,15013.416666666666,16963.25,15353.416666666666,15891.25,18379.25,18751.083333333332,18466.083333333332,16937.583333333332,8268.25,6262.083333333333,5069.333333333333,3569.5,1264.0833333333333,181.5,2.9166666666666665,0.0,0.0,2.9166666666666665,919.1666666666666,6275.666666666667,14800.75,22675.25,19539.083333333332,17355.083333333332,12982.583333333334,13150.833333333334,14295.666666666666,13632.083333333334,13862.583333333334,14524.0,15467.5,17913.75,14265.416666666666,9721.5,8606.416666666666,7570.833333333333,4591.666666666667,1969.0833333333333,553.25,3.25,0.0,3호선
동대문,"1호선, 4호선",1,34,2,0,11,66,0,3,76,11,122,7,18,45,505,130,64,21,,여행/관광,402.125,7644.708333333333,6061.083333333333,10222.291666666666,14445.541666666666,16953.416666666668,18744.333333333332,22563.791666666668,27230.791666666668,31427.708333333332,36987.208333333336,41476.875,48243.541666666664,54077.75,40884.791666666664,25734.875,20896.375,19414.125,13669.041666666666,6752.541666666667,1077.375,7.708333333333333,0.0,0.0,14.875,1962.875,10585.666666666666,21345.625,40289.541666666664,41232.5,40050.583333333336,39655.5,35856.333333333336,34537.208333333336,32923.333333333336,29418.625,25616.208333333332,22883.958333333332,21671.791666666668,20988.833333333332,15042.333333333334,12635.416666666666,11216.791666666666,7514.25,2197.4583333333335,198.33333333333334,0.0,0.0,1호선
동대문역사문화공원(DDP),"2호선, 4호선",1,39,0,3,18,54,1,3,62,17,67,5,8,47,410,125,27,13,DDP,여행/관광,270.6666666666667,5172.458333333333,4368.625,7844.416666666667,13551.5,16994.25,19118.375,21424.75,24290.291666666668,26704.625,31632.083333333332,38801.041666666664,45804.875,58463.708333333336,64484.5,40720.916666666664,33756.125,31250.875,23779.791666666668,12429.708333333334,2483.875,8.208333333333334,0.2916666666666667,0.0,12.708333333333334,1314.0416666666667,11156.708333333334,25384.541666666668,55612.583333333336,36591.416666666664,32630.916666666668,31716.333333333332,30849.333333333332,31579.291666666668,31931.583333333332,30232.083333333332,29303.958333333332,31577.916666666668,34637.333333333336,32168.041666666668,23280.291666666668,19466.458333333332,16529.5,10511.291666666666,3234.1666666666665,137.83333333333334,0.20833333333333334,0.0,2호선
동대입구,3호선,0,21,0,2,11,22,3,1,18,11,17,6,3,24,143,48,5,2,,여행/관광,16.166666666666668,1531.8333333333333,2870.5833333333335,4960.333333333333,8343.333333333334,8139.083333333333,9687.583333333334,12283.0,12679.166666666666,19184.583333333332,20735.083333333332,22175.666666666668,28039.833333333332,40707.0,44396.166666666664,22690.166666666668,25894.5,22335.25,16890.083333333332,4498.083333333333,554.5,1.0833333333333333,0.08333333333333333,0.0,1.0,1154.8333333333333,9583.416666666666,16639.916666666668,58386.833333333336,37204.833333333336,34878.5,26524.083333333332,23382.333333333332,26702.166666666668,19338.75,17098.666666666668,18165.916666666668,21778.5,22578.0,11295.5,6379.166666666667,6196.75,4500.583333333333,2915.5833333333335,1057.75,67.83333333333333,0.08333333333333333,0.0,3호선
동묘앞,1호선,1,28,3,4,21,47,0,2,31,4,69,6,7,54,349,53,54,16,,여행/관광,166.41666666666666,2681.4166666666665,3770.1666666666665,8715.5,13739.25,11986.916666666666,13513.583333333334,18477.416666666668,25302.25,31437.083333333332,34622.583333333336,35600.75,35592.75,31442.0,21406.25,10875.75,6185.0,5054.333333333333,3527.25,1331.6666666666667,132.41666666666666,1.5833333333333333,0.0,0.0,3.5833333333333335,883.75,5152.166666666667,9925.916666666666,20839.666666666668,17779.75,23093.666666666668,30796.666666666668,33065.416666666664,36826.833333333336,31698.75,27061.583333333332,20578.916666666668,15394.166666666666,13008.25,9507.916666666666,6721.916666666667,6849.5,6744.166666666667,4615.5,1969.6666666666667,255.5,0.08333333333333333,0.0,1호선
동작(현충원),4호선,0,2,0,0,1,9,0,2,1,2,0,0,1,0,3,4,0,0,현충원,주거/생활권 (일반),9.75,231.33333333333334,766.75,2000.4166666666667,2404.0833333333335,2121.75,2075.8333333333335,2680.4166666666665,2410.8333333333335,2502.25,2622.4166666666665,3663.1666666666665,7890.083333333333,7678.5,5671.5,2849.8333333333335,2869.8333333333335,2603.5833333333335,1686.0,711.9166666666666,115.66666666666667,0.5,0.0,0.0,1.3333333333333333,1933.5,6972.5,3400.5833333333335,5483.416666666667,3442.5,3081.3333333333335,2346.0833333333335,2455.4166666666665,3340.4166666666665,3119.5833333333335,3008.3333333333335,2795.0833333333335,3213.75,3911.75,3055.0,2715.9166666666665,1289.0833333333333,889.5,586.25,339.3333333333333,96.83333333333333,0.4166666666666667,0.0,4호선
뚝섬,2호선,1,31,4,3,57,41,1,2,21,23,82,3,3,2,529,203,47,11,,젊은층/상권,9.75,3391.9166666666665,9033.5,18853.416666666668,26282.166666666668,17819.5,16121.25,19471.916666666668,23992.916666666668,29134.583333333332,35199.083333333336,43912.333333333336,55597.833333333336,87021.25,136470.08333333334,72739.33333333333,52435.166666666664,44373.5,27622.416666666668,10429.916666666666,1512.4166666666667,1.6666666666666667,0.08333333333333333,0.0,0.3333333333333333,2257.5833333333335,16738.833333333332,40929.333333333336,138940.0,98154.66666666667,47820.833333333336,40050.583333333336,40623.666666666664,42285.166666666664,38264.5,38588.333333333336,39349.333333333336,43566.916666666664,50999.416666666664,29930.583333333332,16886.0,14001.5,12328.0,7760.083333333333,2519.9166666666665,48.166666666666664,0.5833333333333334,0.0,2호선
매봉,3호선,0,14,2,2,50,29,1,1,17,6,45,1,2,0,165,39,26,6,,주거/생활권 (일반),18.416666666666668,1870.6666666666667,7150.75,18676.0,22299.083333333332,16098.583333333334,15193.833333333334,14930.083333333334,15541.25,16916.583333333332,19075.5,21228.583333333332,24172.75,39632.333333333336,59580.5,20531.583333333332,15506.666666666666,16628.833333333332,9880.666666666666,3038.3333333333335,409.0833333333333,0.16666666666666666,0.0,0.0,0.75,770.4166666666666,9926.75,23987.333333333332,74194.83333333333,33441.25,17459.5,16279.5,14383.416666666666,14174.75,13649.25,14754.166666666666,16077.666666666666,20870.666666666668,25272.333333333332,16327.75,10475.333333333334,9126.75,8459.5,4410.083333333333,1382.4166666666667,56.833333333333336,0.16666666666666666,0.0,3호선
명동,4호선,0,37,3,4,11,59,0,1,55,27,57,21,8,151,568,206,86,21,,여행/관광,37.75,1636.3333333333333,4026.4166666666665,8308.583333333334,16540.916666666668,30556.833333333332,36993.916666666664,44301.333333333336,46172.666666666664,51815.666666666664,62882.25,78616.75,95306.5,106589.66666666667,144054.58333333334,91016.25,83125.66666666667,81186.66666666667,74259.75,31665.0,2076.4166666666665,4.583333333333333,0.0,0.0,2.9166666666666665,1142.9166666666667,26898.75,54290.666666666664,127907.0,97868.25,69962.25,73642.66666666667,79145.83333333333,79425.33333333333,74781.58333333333,75418.83333333333,78070.83333333333,80699.08333333333,76371.75,59633.75,44729.0,31876.916666666668,18674.0,9609.5,2926.5,131.5,0.0,0.0,4호선
무악재,3호선,2,7,5,1,44,4,1,1,5,0,35,2,0,0,42,9,15,5,,주거/생활권 (일반),3.6666666666666665,1929.5,5447.0,15858.0,19111.416666666668,11760.25,8406.416666666666,7453.75,6907.25,6316.083333333333,5841.0,5384.166666666667,5917.166666666667,6584.75,6656.166666666667,3331.4166666666665,2366.75,1944.9166666666667,1308.9166666666667,575.3333333333334,88.75,0.16666666666666666,0.08333333333333333,0.0,0.6666666666666666,156.66666666666666,1374.5833333333333,2949.5,5510.75,3742.8333333333335,3672.5833333333335,3930.6666666666665,4459.166666666667,5093.916666666667,5762.416666666667,7205.5,9002.166666666666,11544.416666666666,16631.25,13319.25,8594.333333333334,7925.416666666667,6670.5,4427.25,1129.6666666666667,2.9166666666666665,0.08333333333333333,0.0,3호선
문래,2호선,2,20,6,2,77,22,1,1,33,11,56,1,2,3,392,107,39,13,,주거/가정,14.5,4339.25,14842.5,43676.166666666664,50399.25,28327.583333333332,21537.0,21366.5,25969.083333333332,27263.5,28319.75,30704.666666666668,38228.75,66910.91666666667,111851.5,41830.0,30815.75,32865.416666666664,28151.666666666668,13117.25,2227.3333333333335,2.75,0.16666666666666666,0.0,1.0833333333333333,2710.0833333333335,10930.5,40228.666666666664,134643.41666666666,63913.666666666664,27916.666666666668,24366.916666666668,27331.833333333332,29149.666666666668,27793.833333333332,29771.416666666668,34735.666666666664,44627.75,65801.41666666667,43251.0,23769.5,21106.5,18561.916666666668,10751.916666666666,3597.8333333333335,107.83333333333333,0.0,0.08333333333333333,2호선
미아(서울사이버대학),4호선,2,17,4,3,42,19,1,1,19,0,61,2,0,4,247,43,51,16,서울사이버대학,주거/가정,34.083333333333336,11583.083333333334,21013.75,47479.083333333336,51767.5,34915.166666666664,27145.666666666668,25933.583333333332,27688.333333333332,25945.5,25079.583333333332,25367.5,30299.083333333332,29999.583333333332,29897.083333333332,17492.166666666668,12362.333333333334,11303.5,8417.416666666666,2989.5833333333335,454.5833333333333,1.75,0.0,0.0,2.25,1628.9166666666667,6169.5,16710.0,38045.25,21227.0,17631.75,19900.75,18522.833333333332,20773.666666666668,22730.583333333332,27212.333333333332,31033.0,36501.583333333336,46912.333333333336,39070.666666666664,25133.25,22914.333333333332,20026.583333333332,13254.75,3588.9166666666665,13.583333333333334,0.0,0.0,4호선
미아사거리,4호선,3,24,7,4,60,28,0,1,26,4,88,2,1,17,462,67,77,21,,주거/가정,88.33333333333333,14687.416666666666,35386.416666666664,84851.0,94031.5,59127.25,43158.75,40395.083333333336,42400.083333333336,42177.333333333336,40591.25,43866.75,47379.583333333336,42734.083333333336,42839.416666666664,30330.833333333332,29163.166666666668,18103.166666666668,12921.75,6179.583333333333,983.3333333333334,1.5833333333333333,0.0,0.0,3.9166666666666665,2907.1666666666665,8642.416666666666,19934.5,33871.666666666664,31214.083333333332,28484.5,30469.666666666668,32442.333333333332,36067.0,39096.833333333336,48347.083333333336,56498.083333333336,69615.66666666667,96430.0,73676.5,46574.333333333336,42083.916666666664,36647.25,21290.0,4797.166666666667,13.416666666666666,0.0,0.0,4호선
방배,2호선,2,17,1,3,87,22,0,1,17,4,50,3,2,0,177,56,68,12,,교육/학원가,5.0,2476.8333333333335,8858.666666666666,21739.166666666668,30488.5,24266.5,19314.166666666668,20831.833333333332,23413.75,26068.0,28647.583333333332,32302.833333333332,39559.916666666664,49647.833333333336,60842.5,28873.416666666668,22926.916666666668,22143.083333333332,17309.0,6663.25,1376.0833333333333,2.4166666666666665,0.0,0.0,0.6666666666666666,3418.0833333333335,12809.166666666666,27180.75,72416.16666666667,54557.0,30124.583333333332,24470.083333333332,25788.833333333332,24357.166666666668,24028.333333333332,23550.666666666668,24672.583333333332,31600.666666666668,36168.166666666664,24721.583333333332,17002.916666666668,15768.25,15767.25,8781.0,2636.0,16.0,0.08333333333333333,0.0,2호선
봉천,2호선,1,29,12,3,78,9,1,1,16,2,96,5,2,1,427,82,49,16,,주거/가정,93.41666666666667,15051.833333333334,28822.916666666668,83281.58333333333,121207.41666666667,75687.41666666667,43449.75,36419.583333333336,38088.833333333336,37107.916666666664,33634.5,31795.916666666668,33122.583333333336,34033.25,33864.916666666664,21094.083333333332,17393.583333333332,14786.583333333334,11291.833333333334,4985.0,933.5833333333334,3.0833333333333335,0.08333333333333333,0.0,5.25,1351.5,6711.083333333333,13211.833333333334,27917.083333333332,21998.583333333332,20514.083333333332,23138.916666666668,25193.333333333332,27443.5,30757.416666666668,39360.416666666664,45596.083333333336,59759.916666666664,90581.08333333333,72974.41666666667,47123.5,44495.333333333336,41306.333333333336,24056.333333333332,7841.916666666667,423.3333333333333,0.5,0.0,2호선
불광,3호선,1,23,8,2,55,14,0,2,23,3,107,2,2,18,338,65,83,21,,주거/가정,29.333333333333332,9782.5,19288.0,51767.666666666664,62032.666666666664,37513.75,27669.416666666668,26318.083333333332,27618.333333333332,27732.166666666668,27770.75,29390.0,30724.333333333332,30543.666666666668,30527.416666666668,17480.416666666668,13978.416666666666,11348.583333333334,7739.5,3401.1666666666665,571.1666666666666,0.16666666666666666,0.0,0.0,1.75,1455.75,6736.75,11154.583333333334,31449.916666666668,28040.916666666668,24399.083333333332,24843.25,26864.333333333332,29929.666666666668,29086.583333333332,32752.666666666668,36668.5,42581.833333333336,60039.333333333336,46326.166666666664,29274.75,25910.416666666668,23113.0,13515.916666666666,4243.333333333333,9.916666666666666,0.0,0.0,3호선
불암산,4호선,1,9,2,2,31,6,0,1,9,0,36,3,0,3,109,19,17,7,,주거/생활권 (일반),83.42857142857143,8698.57142857143,18489.714285714286,45618.42857142857,36362.0,23406.428571428572,17711.85714285714,16130.0,15935.42857142857,15178.0,13919.857142857143,13254.0,14255.857142857143,13630.57142857143,12625.142857142857,8145.714285714285,5673.0,4594.857142857143,3035.714285714286,1451.5714285714287,298.57142857142856,0.2857142857142857,0.0,0.0,0.5714285714285714,36.714285714285715,4732.714285714285,7283.571428571428,10712.0,10738.0,10556.857142857143,10042.714285714286,10522.285714285714,11014.57142857143,12221.714285714286,14601.42857142857,17359.14285714286,20150.285714285714,26883.14285714286,24839.285714285714,17114.428571428572,15409.142857142857,14540.142857142857,9726.857142857143,3259.0,389.0,0.0,0.0,4호선
사당,"2호선, 4호선",1,33,4,1,85,30,2,2,31,5,97,3,3,20,682,117,75,20,,젊은층/상권,146.16666666666666,11983.0,29283.458333333332,74002.16666666667,91101.66666666667,69711.625,48034.541666666664,43057.625,47236.875,49581.875,51977.916666666664,52493.375,55669.25,66259.75,76155.41666666667,53815.125,51420.708333333336,56009.958333333336,51103.833333333336,27126.708333333332,4179.958333333333,6.541666666666667,0.16666666666666666,0.0,17.416666666666668,2667.25,26465.958333333332,36565.083333333336,53756.791666666664,40943.25,35784.5,46405.958333333336,46326.916666666664,43131.708333333336,43274.125,52118.416666666664,69993.41666666667,102599.20833333333,140104.08333333334,91143.91666666667,56515.083333333336,52095.791666666664,48223.25,29705.791666666668,8716.166666666666,632.8333333333334,3.4583333333333335,0.0,2호선
삼각지,4호선,0,20,1,1,13,16,0,2,11,10,72,4,3,3,335,88,5,2,,주거/생활권 (일반),5.8,570.6,2215.0,6757.8,10496.2,6909.8,5394.4,5999.0,7206.8,8565.2,9388.6,10638.2,12462.8,16950.6,25410.8,13069.4,13319.2,16262.4,15234.0,7926.6,1054.0,3.6,0.0,0.0,1.4,486.0,5073.2,11602.0,21094.2,11576.2,10043.0,12156.6,13196.8,13450.8,11601.2,12441.2,15353.8,21142.4,27424.0,16923.8,8642.6,6609.8,5379.2,3622.0,1335.2,21.4,0.0,0.0,4호선
삼각지(전쟁기념관),4호선,0,20,1,1,13,16,0,2,11,10,72,4,3,3,335,88,5,2,전쟁기념관,주거/생활권 (일반),5.285714285714286,595.1428571428571,2328.4285714285716,7100.428571428572,11020.714285714286,7091.857142857143,5670.428571428572,6195.142857142857,7546.142857142857,8843.42857142857,9461.714285714286,10755.42857142857,12177.714285714286,16827.428571428572,25819.14285714286,13181.714285714286,13805.857142857143,16638.85714285714,15002.285714285714,7884.714285714285,1072.857142857143,1.4285714285714286,0.0,0.0,1.2857142857142858,438.14285714285717,5440.714285714285,11938.57142857143,22879.85714285714,12608.0,10612.142857142857,12390.57142857143,13462.142857142857,13617.42857142857,11908.714285714286,12564.0,15410.57142857143,21109.285714285714,28059.428571428572,16997.571428571428,8847.142857142857,6973.857142857143,5801.142857142857,3844.4285714285716,1453.857142857143,40.857142857142854,0.14285714285714285,0.0,4호선
삼성(무역센터),2호선,0,37,2,3,45,85,1,1,69,21,43,5,1,8,441,143,75,12,무역센터,업무/오피스,139.66666666666666,5077.916666666667,7082.916666666667,14536.666666666666,20100.666666666668,20935.583333333332,25172.75,38328.5,50406.083333333336,65579.66666666667,82592.08333333333,106322.25,139956.25,232672.33333333334,290052.1666666667,154464.33333333334,123338.75,101398.0,63731.916666666664,16931.416666666668,2210.0833333333335,3.6666666666666665,0.0,0.0,1.9166666666666667,6090.333333333333,50451.0,140619.0,315572.5,245831.83333333334,123632.83333333333,89495.33333333333,81860.16666666667,87088.33333333333,75211.16666666667,65921.58333333333,62854.75,67125.91666666667,62970.083333333336,34750.0,19800.5,15620.083333333334,12050.25,6473.166666666667,3895.5833333333335,1074.5833333333333,1.4166666666666667,0.0,2호선
상계,4호선,2,22,11,2,109,10,1,1,18,1,76,2,0,3,412,67,51,16,,주거/가정,84.91666666666667,14963.333333333334,39506.916666666664,84187.33333333333,71460.5,44963.166666666664,33256.833333333336,30214.583333333332,32865.666666666664,30752.083333333332,26237.333333333332,26601.333333333332,28332.083333333332,28262.416666666668,25215.083333333332,16540.25,12944.5,11734.166666666666,11475.0,3652.0833333333335,628.6666666666666,6.5,0.0,0.0,4.083333333333333,247.41666666666666,7316.666666666667,17022.583333333332,21262.166666666668,18425.75,16548.333333333332,17906.333333333332,21914.75,22988.166666666668,24525.5,30297.75,37847.166666666664,47306.083333333336,66821.5,59397.75,37713.0,33080.0,29801.833333333332,19884.0,5697.833333333333,633.1666666666666,0.08333333333333333,0.0,4호선
상왕십리,2호선,2,21,12,4,77,29,1,1,14,1,111,2,0,7,340,63,64,19,,주거/가정,12.833333333333334,5987.083333333333,14389.75,41289.25,64829.833333333336,37347.833333333336,23761.75,20895.166666666668,22162.75,21581.0,19592.5,20429.333333333332,22624.0,25662.833333333332,26731.083333333332,18261.0,12285.0,10761.916666666666,7300.25,2930.75,499.6666666666667,0.3333333333333333,0.0,0.0,0.8333333333333334,839.5833333333334,6244.5,11608.916666666666,29852.25,18266.416666666668,14375.083333333334,13711.833333333334,15134.0,17185.083333333332,18513.75,22141.583333333332,27269.416666666668,36754.5,55658.166666666664,37036.583333333336,25187.75,23274.583333333332,21769.75,12999.25,4215.166666666667,27.75,0.0,0.0,2호선
서울대입구(관악구청),2호선,1,44,3,1,67,33,0,1,32,1,125,3,2,17,646,146,116,32,관악구청,대학가,4642.166666666667,27077.0,44215.333333333336,124644.75,172985.75,118379.58333333333,70612.5,61349.0,69554.5,71985.66666666667,64313.333333333336,67975.0,74906.66666666667,84271.08333333333,90896.5,55404.666666666664,47407.166666666664,47644.583333333336,41169.75,21943.333333333332,3864.0,4.166666666666667,0.08333333333333333,0.0,30.083333333333332,2679.75,14602.0,27277.0,69435.5,63456.166666666664,52365.166666666664,46046.333333333336,50029.333333333336,55571.916666666664,57198.666666666664,66356.83333333333,77715.33333333333,107632.75,167917.83333333334,134968.33333333334,87620.58333333333,83008.33333333333,82094.41666666667,48000.25,18455.25,3282.3333333333335,3.5,0.0,2호선
서울역,"1호선, 4호선",2,36,4,1,12,30,2,5,22,8,44,9,1,42,351,94,11,7,,주거/가정,455.0,7290.291666666667,15859.5,46629.666666666664,74534.5,59274.916666666664,53941.5,61511.458333333336,68990.25,65741.04166666667,59266.291666666664,73435.45833333333,84217.58333333333,132381.95833333334,155029.91666666666,80794.83333333333,58413.583333333336,58975.875,39572.833333333336,20252.25,2403.2083333333335,16.791666666666668,0.08333333333333333,0.0,29.708333333333332,5150.916666666667,37103.833333333336,81909.54166666667,167107.16666666666,112732.08333333333,65389.208333333336,63804.5,70347.95833333333,69898.41666666667,65297.541666666664,73643.08333333333,79273.75,91564.33333333333,101945.75,71275.79166666667,51679.666666666664,48460.291666666664,35964.708333333336,18200.291666666668,4990.458333333333,226.66666666666666,1.5416666666666667,0.0,1호선
서초,2호선,2,19,1,1,28,50,1,1,40,15,58,8,1,0,379,86,28,9,,업무/오피스,6.25,1800.4166666666667,9445.5,18606.333333333332,28912.0,27868.666666666668,21640.25,30476.75,27585.083333333332,35548.166666666664,36636.416666666664,45214.75,51384.666666666664,75980.08333333333,92571.75,42739.083333333336,31185.333333333332,30461.75,17653.75,5967.833333333333,1023.8333333333334,0.9166666666666666,0.08333333333333333,0.0,0.4166666666666667,4929.75,24285.833333333332,53156.583333333336,113349.66666666667,88233.83333333333,43485.833333333336,35534.666666666664,27491.166666666668,28980.75,27534.5,23343.083333333332,25534.166666666668,28050.5,28738.333333333332,19906.583333333332,12758.333333333334,11686.916666666666,11260.833333333334,6091.833333333333,1499.8333333333333,10.416666666666666,0.16666666666666666,0.0,2호선
선릉,2호선,0,56,4,3,202,117,0,2,61,5,213,0,0,25,624,165,137,22,,교육/학원가,134.16666666666666,4617.333333333333,11699.833333333334,23052.333333333332,36230.0,35709.166666666664,39820.666666666664,50526.916666666664,61425.333333333336,69732.91666666667,79520.91666666667,104121.5,133688.5,214675.33333333334,287547.8333333333,144795.5,95635.08333333333,87292.0,72098.91666666667,25615.75,4106.166666666667,3.6666666666666665,0.0,0.0,4.666666666666667,6081.0,44623.166666666664,125427.0,280752.0833333333,212187.75,102513.66666666667,68826.41666666667,65722.5,73841.75,59367.166666666664,53374.416666666664,53434.916666666664,59781.333333333336,61470.416666666664,39503.0,25396.333333333332,22456.25,19506.333333333332,11449.333333333334,4638.0,103.83333333333333,0.3333333333333333,0.0,2호선
성수,2호선,1,28,3,0,31,61,1,1,28,15,82,3,4,6,469,162,42,8,,젊은층/상권,89.91666666666667,5088.25,8521.75,20717.166666666668,27717.5,23415.5,23024.25,29085.166666666668,40671.25,54828.333333333336,70724.66666666667,92673.58333333333,120650.33333333333,178401.91666666666,274263.0,153563.66666666666,123125.0,102803.83333333333,66676.83333333333,23613.5,3332.8333333333335,4.833333333333333,0.0,0.0,4.166666666666667,4716.916666666667,35443.916666666664,74641.66666666667,247741.41666666666,163882.41666666666,106199.83333333333,100084.5,103381.75,108298.91666666667,105892.5,102767.08333333333,96336.5,92543.66666666667,88760.5,51316.666666666664,26278.333333333332,18681.083333333332,14946.666666666666,11276.5,5815.666666666667,899.4166666666666,4.083333333333333,0.0,2호선
성신여대입구(돈암),4호선,1,31,2,3,133,30,0,2,33,11,87,6,1,24,659,182,86,23,돈암,대학가,41.5,6071.416666666667,19570.083333333332,47257.0,55209.083333333336,39302.916666666664,31902.75,32851.583333333336,37376.75,37774.75,37856.916666666664,39384.0,44163.166666666664,50332.75,50112.833333333336,33072.416666666664,29876.833333333332,31185.25,27631.5,12932.833333333334,2193.9166666666665,2.6666666666666665,0.08333333333333333,0.0,8.0,1644.4166666666667,7058.333333333333,16863.416666666668,40859.083333333336,30544.166666666668,24514.0,31763.25,29716.166666666668,32353.083333333332,34830.833333333336,35782.416666666664,43337.666666666664,54811.416666666664,70359.0,55355.916666666664,38074.25,35131.333333333336,32367.666666666668,21395.833333333332,6062.5,21.0,0.25,0.0,4호선
수서,3호선,2,12,7,3,8,10,1,3,25,0,30,2,1,0,168,43,31,9,,주거/가정,137.66666666666666,4642.583333333333,13266.916666666666,38404.0,45771.833333333336,31952.583333333332,37857.75,29022.083333333332,35023.083333333336,31769.083333333332,24975.166666666668,35915.5,38394.333333333336,48556.833333333336,52941.5,24653.25,24068.916666666668,16255.5,15638.083333333334,7281.833333333333,684.4166666666666,2.5833333333333335,0.25,0.0,2.8333333333333335,2519.1666666666665,16492.0,35016.25,56957.083333333336,35843.5,25007.916666666668,21957.25,26698.083333333332,23422.25,25131.25,29911.25,33051.0,40150.25,53502.416666666664,39401.166666666664,28224.25,23445.25,21876.916666666668,9060.833333333334,3304.0833333333335,264.0,0.16666666666666666,0.0,3호선
수유(강북구청),4호선,0,48,2,0,18,40,1,1,28,5,123,7,1,46,759,116,102,31,강북구청,업무/오피스,105.75,22296.166666666668,45570.666666666664,108420.91666666667,118949.5,79292.91666666667,57293.416666666664,53985.25,56847.083333333336,55048.416666666664,51266.666666666664,50968.0,55292.166666666664,57427.0,63866.416666666664,38354.666666666664,30296.666666666668,26533.416666666668,21108.75,11378.916666666666,1843.4166666666667,2.5833333333333335,0.0,0.0,5.666666666666667,3127.1666666666665,11309.5,21196.833333333332,54231.083333333336,39554.916666666664,31544.25,34223.083333333336,37202.333333333336,42718.916666666664,45754.25,56259.333333333336,71548.08333333333,87515.91666666667,123662.16666666667,105762.0,70538.33333333333,64053.666666666664,58592.666666666664,39153.5,9998.083333333334,41.75,0.0,0.0,4호선
숙대입구(갈월),4호선,1,23,1,5,39,23,1,2,22,6,54,6,3,27,409,113,40,14,갈월,대학가,9.666666666666666,3189.1666666666665,8040.0,18524.666666666668,27673.833333333332,21507.416666666668,17910.666666666668,18617.916666666668,22134.333333333332,23300.75,23875.083333333332,27530.833333333332,36467.833333333336,42319.583333333336,51032.25,27170.416666666668,24854.833333333332,25650.583333333332,21184.083333333332,10111.25,1255.9166666666667,8.833333333333334,0.0,0.0,1.6666666666666667,870.3333333333334,9122.166666666666,23192.083333333332,52016.083333333336,33209.416666666664,23703.75,22767.583333333332,20389.083333333332,22525.416666666668,21258.416666666668,21988.416666666668,25925.583333333332,33692.916666666664,41924.25,27119.416666666668,18024.333333333332,16409.333333333332,15116.083333333334,9280.833333333334,2021.0,23.666666666666668,0.0,0.0,4호선
시청,"1호선, 2호선",0,42,1,1,25,101,0,3,119,32,30,32,11,43,700,216,74,18,,업무/오피스,55.958333333333336,1482.3333333333333,2998.4166666666665,6266.916666666667,9521.75,13493.25,18026.416666666668,23895.166666666668,25254.916666666668,32031.083333333332,40588.708333333336,52215.5,65229.458333333336,106540.54166666667,167414.33333333334,64358.708333333336,53509.541666666664,46456.958333333336,28412.708333333332,9948.791666666666,992.0,6.333333333333333,0.0,0.0,1.2083333333333333,3759.4583333333335,24192.958333333332,74861.16666666667,211963.375,91772.83333333333,40521.75,38025.458333333336,36819.041666666664,39380.916666666664,33162.583333333336,27951.333333333332,25527.583333333332,27113.5,25263.75,13804.666666666666,9358.583333333334,8521.75,6566.458333333333,4017.5416666666665,1142.5,43.416666666666664,0.20833333333333334,0.0,1호선
신답,2호선,0,13,10,2,25,9,1,1,14,0,47,3,2,2,86,19,12,6,,주거/생활권 (일반),10.0,1229.25,2092.4166666666665,6358.083333333333,10617.333333333334,4540.833333333333,2694.0,2294.0833333333335,2185.1666666666665,2164.6666666666665,1857.9166666666667,1817.0833333333333,2099.75,2143.0,2020.0,1017.8333333333334,665.8333333333334,520.5833333333334,357.5,172.58333333333334,41.25,0.0,0.0,0.0,1.25,64.41666666666667,762.5,952.9166666666666,1625.3333333333333,979.5833333333334,1055.9166666666667,1153.6666666666667,1448.75,1542.4166666666667,1991.1666666666667,2876.8333333333335,3719.8333333333335,4936.166666666667,9787.166666666666,6556.75,3624.75,3839.1666666666665,3064.1666666666665,1899.0,505.5,0.8333333333333334,0.0,0.0,2호선
신당,2호선,1,34,3,5,36,39,2,2,29,8,98,5,6,25,664,96,52,19,,여행/관광,41.25,5696.416666666667,11200.166666666666,30344.0,51620.166666666664,29707.0,20859.166666666668,20430.083333333332,22854.5,23692.166666666668,23571.166666666668,24867.666666666668,27667.833333333332,30888.083333333332,33383.0,22986.5,18862.166666666668,17664.083333333332,16020.583333333334,8029.25,1528.9166666666667,3.0,0.0,0.0,4.083333333333333,1176.8333333333333,7142.916666666667,14961.666666666666,29289.75,21788.333333333332,18651.416666666668,21004.583333333332,21997.0,23056.083333333332,23709.416666666668,26594.333333333332,31548.0,41565.083333333336,58478.0,38210.25,24603.5,22051.416666666668,19990.166666666668,12008.333333333334,3757.25,39.083333333333336,0.3333333333333333,0.0,2호선
신대방,2호선,0,25,6,1,23,8,0,1,17,0,74,4,3,3,165,41,19,8,,주거/생활권 (일반),272.6666666666667,23839.75,34602.25,88601.5,128356.83333333333,81361.66666666667,46040.833333333336,37232.166666666664,37977.666666666664,36310.25,31419.333333333332,31013.916666666668,33166.75,34473.583333333336,31572.0,20757.583333333332,15869.333333333334,12898.083333333334,10079.083333333334,4878.5,905.9166666666666,6.083333333333333,0.16666666666666666,0.0,6.75,1939.5833333333333,9054.583333333334,14612.416666666666,24417.916666666668,18485.833333333332,18630.083333333332,19825.083333333332,22743.916666666668,26576.5,30454.416666666668,39759.916666666664,46978.083333333336,61846.75,90453.58333333333,76985.0,55108.0,57490.166666666664,53834.083333333336,31216.083333333332,9015.75,174.16666666666666,0.25,0.0,2호선
신도림,2호선,3,20,13,0,51,19,1,2,27,9,53,2,0,1,329,66,48,12,,주거/가정,4205.25,36269.833333333336,55184.333333333336,139966.33333333334,148670.16666666666,92346.33333333333,64842.25,63016.833333333336,71743.66666666667,74475.16666666667,76276.5,80465.08333333333,87516.83333333333,108440.66666666667,123301.0,73551.75,63937.25,56656.833333333336,47062.083333333336,22250.583333333332,2714.5,19.333333333333332,0.16666666666666666,0.0,24.0,5189.25,19870.083333333332,43399.75,105403.25,73380.33333333333,60961.75,63790.0,65016.5,70771.33333333333,69422.5,78138.0,91696.66666666667,118337.25,172387.08333333334,119644.41666666667,75364.25,71464.91666666667,67753.83333333333,47945.166666666664,20889.833333333332,2671.8333333333335,1.5833333333333333,0.0,2호선
신림,2호선,0,46,4,0,46,33,1,2,33,4,127,4,0,61,756,133,88,28,,업무/오피스,193.0,36197.666666666664,67816.33333333333,178778.58333333334,264051.9166666667,163950.58333333334,93274.5,77734.08333333333,83039.25,78552.5,72413.16666666667,70707.83333333333,75869.75,78222.91666666667,79097.33333333333,54788.0,46831.833333333336,43514.25,36734.333333333336,21052.833333333332,4553.333333333333,9.083333333333334,0.0,0.0,12.5,3936.0833333333335,17717.166666666668,28382.416666666668,44878.0,43340.833333333336,41780.416666666664,45851.333333333336,51736.25,59271.916666666664,65348.333333333336,82365.33333333333,101340.5,136642.41666666666,220896.16666666666,189131.41666666666,127092.91666666667,121486.08333333333,113142.41666666667,72553.75,22728.25,452.6666666666667,0.3333333333333333,0.0,2호선
신사,3호선,1,33,1,0,131,78,2,2,36,19,72,1,1,16,579,155,337,31,,주거/가정,56.25,3293.1666666666665,6328.0,11392.25,17566.833333333332,15999.333333333334,19254.75,24808.166666666668,28926.0,34795.5,41604.083333333336,49063.25,58650.916666666664,86534.16666666667,120177.83333333333,85085.0,57494.583333333336,56957.333333333336,46264.166666666664,20001.333333333332,2936.0,1.5833333333333333,0.0,0.0,5.5,1715.5,16576.916666666668,41480.833333333336,101871.58333333333,131835.16666666666,67662.0,46773.583333333336,43916.166666666664,46445.416666666664,42892.916666666664,39403.5,42428.5,52089.083333333336,62396.583333333336,33716.5,17856.75,14165.166666666666,11421.416666666666,7609.833333333333,3157.6666666666665,13.166666666666666,0.0,0.0,3호선
신설동,"1호선, 2호선",0,28,3,5,40,36,1,3,29,4,57,3,0,37,309,65,25,9,,주거/생활권 (일반),222.33333333333334,4980.666666666667,5663.583333333333,13322.208333333334,20704.916666666668,13816.833333333334,12651.083333333334,13904.25,15601.375,16444.125,16174.833333333334,17221.625,20075.333333333332,26910.875,31979.916666666668,12473.416666666666,8755.25,7579.916666666667,5163.416666666667,2232.6666666666665,269.125,0.75,0.041666666666666664,0.0,9.541666666666666,1249.25,5246.416666666667,14904.0,32957.041666666664,20574.833333333332,14748.625,13370.583333333334,13207.625,14282.25,12890.208333333334,13580.041666666666,14119.708333333334,15698.458333333334,19541.083333333332,14179.916666666666,10282.291666666666,9838.333333333334,8772.708333333334,5696.75,1783.125,74.75,0.125,0.0,1호선
신용산,4호선,2,24,2,0,12,44,0,3,38,11,92,1,1,3,517,154,54,17,,젊은층/상권,7.25,1459.6666666666667,4000.5,11710.25,18395.25,16766.416666666668,15266.333333333334,21101.583333333332,23181.583333333332,27913.333333333332,28235.833333333332,37716.333333333336,48803.916666666664,72280.41666666667,100487.66666666667,51675.5,44478.583333333336,44101.166666666664,33004.333333333336,14205.666666666666,1675.6666666666667,8.5,0.0,0.0,0.25,1265.0,14418.333333333334,41762.166666666664,96263.91666666667,71670.91666666667,36858.916666666664,34860.083333333336,37435.916666666664,37651.5,35542.333333333336,37283.666666666664,41038.75,48640.333333333336,54903.916666666664,31268.25,18048.5,13343.166666666666,9531.25,4845.666666666667,1241.8333333333333,51.583333333333336,0.0,0.0,4호선
신정네거리,2호선,3,15,6,1,55,13,1,1,13,0,96,2,0,3,258,52,68,16,,주거/가정,100.91666666666667,8550.666666666666,17956.75,49079.333333333336,44461.666666666664,25031.666666666668,18032.5,16451.583333333332,16679.416666666668,15042.333333333334,13032.416666666666,12125.75,13057.25,12668.083333333334,11526.333333333334,7263.666666666667,5597.916666666667,4524.0,3485.1666666666665,1592.4166666666667,331.75,0.6666666666666666,0.0,0.0,0.75,817.0,2396.0833333333335,4403.25,11506.666666666666,8547.333333333334,7772.0,8754.583333333334,10312.416666666666,12116.5,13619.0,17559.416666666668,22715.166666666668,31489.833333333332,47909.333333333336,35090.916666666664,20738.416666666668,18549.0,16775.583333333332,10320.166666666666,3035.8333333333335,138.16666666666666,0.0,0.0,2호선
신촌,2호선,3,45,1,3,117,55,0,2,31,24,88,4,4,92,842,205,85,29,,대학가,75.25,6825.666666666667,14169.583333333334,35653.333333333336,52506.166666666664,40132.5,40421.833333333336,48651.833333333336,59975.75,65024.916666666664,67286.33333333333,75944.25,90297.08333333333,104502.33333333333,101328.83333333333,71880.16666666667,74673.5,77162.0,73476.0,34800.0,5894.75,6.666666666666667,0.08333333333333333,0.0,4.416666666666667,2622.6666666666665,15457.5,34888.333333333336,83987.91666666667,93327.66666666667,71139.75,65475.333333333336,67878.91666666667,75627.83333333333,66575.0,63498.416666666664,70352.25,88878.83333333333,115033.25,77571.41666666667,48455.833333333336,43162.75,38690.083333333336,25320.333333333332,6714.333333333333,134.91666666666666,1.3333333333333333,0.0,2호선
쌍문,4호선,1,30,4,3,38,28,3,1,18,2,55,0,0,2,328,58,47,13,,주거/생활권 (일반),187.33333333333334,24726.416666666668,53147.333333333336,121104.58333333333,124668.41666666667,77085.91666666667,55058.75,48010.0,48843.25,44452.166666666664,38899.666666666664,37112.5,39038.583333333336,38739.5,34701.25,23327.416666666668,17430.0,13700.916666666666,10254.916666666666,4629.0,737.3333333333334,2.4166666666666665,0.0,0.0,13.083333333333334,1181.4166666666667,8811.916666666666,15721.5,28541.333333333332,22797.75,21285.0,23855.583333333332,27666.5,31149.916666666668,34140.166666666664,45385.5,56482.5,71572.5,103662.66666666667,94462.75,61072.833333333336,54805.416666666664,49722.416666666664,32295.833333333332,9881.666666666666,98.0,0.0,0.0,4호선
아현,2호선,0,18,5,6,81,18,0,2,16,2,121,2,2,6,181,36,50,16,,교육/학원가,16.833333333333332,4637.75,11091.0,29815.5,42393.75,25382.5,18451.0,17293.166666666668,19020.916666666668,18135.5,16127.25,18190.666666666668,20624.583333333332,20913.5,20254.166666666668,12946.416666666666,9485.333333333334,7405.833333333333,5442.333333333333,2191.6666666666665,358.5833333333333,1.0833333333333333,0.0,0.0,0.75,947.75,4899.166666666667,10695.666666666666,20231.416666666668,14147.583333333334,11883.75,10751.333333333334,12554.833333333334,14054.666666666666,14979.75,17329.833333333332,19993.333333333332,25711.166666666668,34848.75,25841.25,18229.833333333332,17139.416666666668,15686.5,8585.333333333334,2627.1666666666665,33.916666666666664,0.16666666666666666,0.0,2호선
안국,3호선,0,24,3,6,29,75,0,1,38,139,26,11,16,77,579,256,18,6,,여행/관광,32.166666666666664,1659.25,3036.0833333333335,6074.75,10568.25,14674.416666666666,17975.166666666668,27060.333333333332,38353.833333333336,44678.416666666664,55641.333333333336,72071.75,95583.83333333333,128850.41666666667,128737.5,61032.083333333336,50124.583333333336,39886.0,21071.416666666668,6799.75,722.0833333333334,2.4166666666666665,0.0,0.0,0.5,2009.75,25777.0,89713.08333333333,122402.41666666667,88045.66666666667,71104.25,72183.08333333333,63474.25,62567.333333333336,58730.0,48671.75,42011.5,36320.333333333336,31088.666666666668,15732.583333333334,8277.5,6789.0,5840.083333333333,3278.9166666666665,1004.6666666666666,2.3333333333333335,0.0,0.0,3호선
압구정,3호선,1,22,2,1,272,57,2,1,45,29,48,1,0,4,364,119,380,45,,교육/학원가,63.75,3012.0833333333335,8254.833333333334,15883.416666666666,24217.25,21024.333333333332,25935.5,32087.25,39082.083333333336,44423.25,54290.833333333336,62583.833333333336,73523.0,96461.08333333333,128937.0,89709.33333333333,72321.66666666667,52361.833333333336,36772.166666666664,11154.333333333334,1692.5833333333333,3.0,0.0,0.0,2.5,2321.3333333333335,24004.833333333332,47904.583333333336,134412.75,145342.25,78702.0,65193.5,52854.416666666664,54609.916666666664,50137.5,47305.916666666664,48170.833333333336,57747.75,58902.0,33262.666666666664,17438.416666666668,14116.916666666666,11463.833333333334,6211.166666666667,2138.1666666666665,209.08333333333334,0.0,0.0,3호선
약수,3호선,0,18,2,3,60,19,1,2,25,5,39,8,0,6,269,71,57,18,,업무/오피스,106.0,6268.5,10074.666666666666,25094.666666666668,35549.166666666664,25959.583333333332,19369.083333333332,18183.916666666668,20030.25,20401.75,20018.833333333332,21155.083333333332,22779.583333333332,27311.166666666668,30786.75,19263.166666666668,15723.583333333334,15225.416666666666,11204.166666666666,5207.583333333333,864.0833333333334,6.583333333333333,0.08333333333333333,0.0,3.3333333333333335,1058.4166666666667,6053.0,13808.916666666666,31851.0,21388.583333333332,16052.833333333334,16035.25,16069.75,17048.666666666668,18654.916666666668,20423.083333333332,24645.166666666668,30287.583333333332,41498.75,26165.833333333332,18381.5,16233.083333333334,14715.25,8592.5,3376.5,467.0833333333333,0.8333333333333334,0.0,3호선
양재(서초구청),3호선,0,28,4,4,80,62,0,2,35,5,64,6,0,7,396,113,104,26,서초구청,업무/오피스,48.666666666666664,5002.25,14046.666666666666,36697.25,46838.416666666664,32854.833333333336,31388.916666666668,34015.25,38966.416666666664,44651.333333333336,49972.666666666664,59731.833333333336,75772.0,131795.08333333334,185289.08333333334,87394.83333333333,64314.416666666664,58381.666666666664,37646.416666666664,12700.166666666666,1453.8333333333333,1.5833333333333333,0.3333333333333333,0.0,2.0,3044.8333333333335,40763.083333333336,109020.0,223372.41666666666,118759.83333333333,55682.25,46883.416666666664,43347.5,47031.25,41804.916666666664,42655.0,46932.25,65541.75,77149.16666666667,49910.75,31871.166666666668,28309.75,24352.666666666668,12710.583333333334,3538.1666666666665,36.666666666666664,1.0833333333333333,0.0,3호선
양천구청,2호선,4,6,6,2,94,8,1,1,12,2,42,2,0,0,65,19,23,6,,주거/가정,40.916666666666664,4992.25,11983.666666666666,31772.25,29319.75,17185.0,12324.5,10936.416666666666,11365.666666666666,10157.583333333334,8211.166666666666,8295.833333333334,9063.166666666666,9229.0,8874.333333333334,4180.75,3122.0833333333335,2502.5,2168.5833333333335,710.25,157.16666666666666,0.4166666666666667,0.0,0.0,0.16666666666666666,824.5833333333334,2592.6666666666665,5172.833333333333,9189.333333333334,5393.583333333333,4581.0,5350.166666666667,6858.833333333333,8233.083333333334,9016.833333333334,11642.666666666666,14668.166666666666,20280.916666666668,29692.666666666668,23795.083333333332,14461.083333333334,13259.416666666666,10654.416666666666,7769.583333333333,2374.0833333333335,22.916666666666668,0.0,0.0,2호선
역삼,2호선,0,52,5,0,88,100,1,1,71,11,122,2,0,50,704,189,94,21,,업무/오피스,31.833333333333332,3671.0,8907.666666666666,15968.25,26270.25,24778.416666666668,26222.25,34829.166666666664,41800.0,49757.166666666664,60060.75,79013.66666666667,105928.66666666667,225643.0,269087.9166666667,150372.83333333334,86526.83333333333,78863.66666666667,53242.0,20016.5,3481.9166666666665,1.9166666666666667,0.0,0.0,2.5833333333333335,6533.583333333333,44562.333333333336,155410.75,359383.25,296262.5,120977.66666666667,65832.33333333333,59727.083333333336,64525.5,50764.833333333336,44321.916666666664,43791.166666666664,53394.5,58995.166666666664,36691.583333333336,23677.916666666668,20163.083333333332,16833.833333333332,10433.25,3177.75,38.166666666666664,0.25,0.0,2호선
연신내,3호선,1,35,5,1,100,28,0,3,35,1,99,1,2,21,603,95,115,26,,주거/가정,294.0833333333333,24980.583333333332,48499.75,115514.0,140847.75,85138.66666666667,60460.666666666664,57122.0,61242.083333333336,57029.75,52790.416666666664,54780.833333333336,60840.333333333336,57922.333333333336,54533.333333333336,38254.666666666664,30901.916666666668,27117.916666666668,22485.666666666668,11071.75,1912.3333333333333,4.583333333333333,1.0833333333333333,0.0,8.416666666666666,2295.5,13528.166666666666,26587.5,41953.583333333336,38594.75,36367.916666666664,38603.75,41305.416666666664,45234.5,49132.416666666664,60123.416666666664,70643.58333333333,88645.75,132136.75,106037.25,65623.41666666667,60598.583333333336,51559.666666666664,33205.25,10894.166666666666,28.083333333333332,1.0833333333333333,0.0,3호선
영등포구청,2호선,4,27,11,0,75,41,0,2,30,4,90,5,0,13,506,122,40,9,,주거/가정,49.75,5146.083333333333,13431.833333333334,40060.75,51182.5,31975.75,24171.583333333332,25602.25,28527.666666666668,29934.583333333332,30800.916666666668,34237.583333333336,40100.0,60762.75,100983.33333333333,38571.083333333336,30046.0,26772.416666666668,19800.75,9239.5,1659.4166666666667,5.916666666666667,0.75,0.0,2.0833333333333335,3332.0833333333335,14363.916666666666,39461.416666666664,122638.33333333333,54801.0,29164.916666666668,26283.75,27036.0,29974.666666666668,27784.25,29130.166666666668,32996.5,41740.25,60504.25,40050.583333333336,24818.583333333332,22416.5,20187.083333333332,13251.0,4774.75,160.0,0.8333333333333334,0.0,2호선
오금,3호선,1,12,7,2,27,9,1,2,11,1,29,4,0,0,140,29,12,4,,주거/생활권 (일반),18.166666666666668,4616.166666666667,9382.166666666666,29519.666666666668,30931.25,16250.5,10232.416666666666,8210.666666666666,8841.916666666666,8381.0,7361.666666666667,7166.833333333333,8800.25,10961.0,11604.416666666666,4761.166666666667,3678.1666666666665,3042.5,2649.0,814.25,130.58333333333334,0.0,0.0,0.0,0.3333333333333333,16.25,2471.1666666666665,6017.416666666667,12697.666666666666,6292.0,5192.583333333333,4784.583333333333,5999.083333333333,6601.583333333333,6779.25,8923.0,10548.416666666666,15137.083333333334,22344.833333333332,15836.0,10710.416666666666,9356.916666666666,10727.75,5385.666666666667,1993.75,4.5,0.75,0.0,3호선
옥수,3호선,1,9,7,2,61,11,0,2,15,1,42,2,0,0,112,22,23,9,,주거/생활권 (일반),166.91666666666666,2992.8333333333335,9085.0,22846.833333333332,31678.583333333332,22222.583333333332,15641.666666666666,14530.083333333334,14345.5,14379.916666666666,14210.083333333334,14631.666666666666,15759.25,17126.083333333332,16880.583333333332,11532.083333333334,9430.5,8364.583333333334,5762.666666666667,2365.0833333333335,400.8333333333333,0.16666666666666666,0.25,0.0,2.0,893.8333333333334,4172.916666666667,7631.416666666667,13089.75,10483.25,8693.75,10747.5,11827.416666666666,13538.583333333334,14273.666666666666,17155.083333333332,19406.666666666668,26527.5,34505.916666666664,24851.583333333332,16876.75,14791.416666666666,13661.416666666666,6493.416666666667,1821.4166666666667,1.8333333333333333,0.3333333333333333,0.0,3호선
왕십리(성동구청),2호선,3,37,5,2,79,31,1,4,26,5,88,7,3,26,655,129,73,23,성동구청,주거/가정,579.9166666666666,6084.583333333333,9554.0,25799.333333333332,44538.166666666664,28263.916666666668,20132.833333333332,20097.583333333332,23657.083333333332,24010.083333333332,23685.583333333332,26510.916666666668,31789.333333333332,35494.333333333336,35546.666666666664,24263.833333333332,22934.5,25052.916666666668,24524.166666666668,14184.916666666666,2718.75,7.583333333333333,0.0,0.0,3.3333333333333335,911.1666666666666,8073.75,13303.666666666666,26938.166666666668,20688.5,16487.833333333332,17596.666666666668,19487.083333333332,21047.083333333332,21482.5,23496.333333333332,28066.5,38512.916666666664,57183.0,35279.416666666664,23727.083333333332,20993.083333333332,20104.583333333332,13235.833333333334,4957.666666666667,65.75,0.25,0.0,2호선
용답,2호선,0,12,6,3,17,6,1,1,10,1,36,3,1,0,161,36,15,8,,주거/생활권 (일반),15.5,2259.4166666666665,3430.25,8177.333333333333,13756.0,7799.5,5565.083333333333,4815.666666666667,5080.25,5153.166666666667,4607.916666666667,4713.166666666667,5883.916666666667,5598.75,4364.166666666667,2697.5833333333335,1948.8333333333333,1485.6666666666667,1140.1666666666667,539.3333333333334,130.5,0.25,0.08333333333333333,0.0,0.16666666666666666,388.3333333333333,1346.0,1915.5,3408.3333333333335,3993.9166666666665,2906.3333333333335,2858.25,3285.5833333333335,3798.3333333333335,3877.0833333333335,4868.916666666667,6161.333333333333,7312.5,11351.0,7666.75,5625.25,6445.083333333333,6106.916666666667,3529.6666666666665,1090.5833333333333,2.1666666666666665,0.0,0.0,2호선
용두(동대문구청),2호선,0,14,6,2,21,28,1,1,15,2,42,3,1,8,187,34,20,11,동대문구청,주거/생활권 (일반),50.583333333333336,1039.6666666666667,1845.1666666666667,5611.5,9222.166666666666,5423.333333333333,4239.166666666667,4143.083333333333,4638.5,4655.666666666667,5033.333333333333,5545.75,5422.416666666667,5351.166666666667,5598.25,2653.75,1838.25,1651.6666666666667,845.6666666666666,338.1666666666667,60.0,0.25,0.0,0.0,1.25,93.33333333333333,933.4166666666666,2611.4166666666665,5433.5,3634.0833333333335,4053.5,3851.0,3650.4166666666665,4612.583333333333,4511.166666666667,4962.75,4989.333333333333,5851.5,8872.416666666666,5950.666666666667,3703.8333333333335,3418.6666666666665,2517.9166666666665,1591.0833333333333,534.75,6.333333333333333,0.0,0.0,2호선
을지로3가,"2호선, 3호선",0,52,1,0,59,81,0,3,55,31,82,7,10,66,913,245,45,17,,여행/관광,16.833333333333332,990.7916666666666,2216.875,5425.875,10859.291666666666,14728.958333333334,17890.125,19675.125,20234.375,22486.125,26058.625,29201.916666666668,37138.875,70360.33333333333,102842.375,42872.666666666664,33293.5,34939.166666666664,29432.5,16121.0,2640.9583333333335,4.25,0.041666666666666664,0.0,0.7916666666666666,1643.25,16023.5,54397.75,121989.04166666667,50137.875,24846.625,22305.666666666668,21540.208333333332,23512.916666666668,21074.25,21827.583333333332,25603.791666666668,30895.166666666668,35631.458333333336,22121.625,13425.125,11165.75,9438.958333333334,5976.5,1460.0833333333333,40.541666666666664,0.041666666666666664,0.0,2호선
을지로4가,2호선,0,28,1,1,2,63,0,3,52,27,72,6,4,46,452,130,22,12,,여행/관광,9.0,1151.0833333333333,2389.6666666666665,5928.0,12241.083333333334,14482.5,18149.666666666668,20992.416666666668,21344.666666666668,23018.75,25604.666666666668,29026.916666666668,35203.25,61231.333333333336,66727.58333333333,28941.416666666668,18657.083333333332,15764.0,10899.083333333334,5333.25,1010.0,2.4166666666666665,0.0,0.0,0.16666666666666666,1100.3333333333333,13850.75,34895.75,74547.91666666667,38396.583333333336,25271.083333333332,24733.833333333332,22607.0,22457.083333333332,21245.25,20144.083333333332,19503.0,20362.833333333332,20656.833333333332,14537.666666666666,11034.833333333334,10776.083333333334,10296.416666666666,6332.666666666667,1698.3333333333333,34.0,0.0,0.0,2호선
을지로입구,2호선,0,52,4,0,57,107,0,3,157,28,53,18,7,68,979,279,117,30,,업무/오피스,82.41666666666667,2565.25,4647.083333333333,10926.5,17775.25,27495.083333333332,35007.75,44600.0,50342.916666666664,61828.333333333336,72215.83333333333,86733.58333333333,105368.08333333333,179058.33333333334,277044.5833333333,137993.83333333334,132684.16666666666,91208.91666666667,72464.75,30505.583333333332,4290.833333333333,14.916666666666666,0.08333333333333333,0.0,2.0,2897.75,32226.583333333332,128260.41666666667,331600.5,164919.16666666666,91033.58333333333,76992.0,68344.33333333333,71669.83333333333,64647.5,63741.416666666664,68443.66666666667,77557.0,78061.75,50736.583333333336,35121.166666666664,28430.5,22019.75,12039.5,4564.083333333333,910.3333333333334,2.0833333333333335,0.0,2호선
이대,2호선,1,30,6,3,79,31,0,2,15,11,135,2,5,21,331,137,48,14,,대학가,20.833333333333332,3403.5833333333335,9478.916666666666,27580.583333333332,38300.666666666664,24298.0,20669.75,22498.5,29523.916666666668,29177.583333333332,28038.583333333332,34688.666666666664,38075.833333333336,48024.833333333336,43740.333333333336,26647.166666666668,22561.083333333332,22707.333333333332,17947.083333333332,6883.916666666667,968.4166666666666,1.5,0.0,0.0,1.0,855.1666666666666,6980.083333333333,15308.833333333334,45321.666666666664,46051.25,35886.833333333336,26788.75,30624.583333333332,33013.666666666664,26971.333333333332,28125.25,29913.75,36984.083333333336,48479.5,34677.25,24502.75,24053.416666666668,23503.916666666668,16038.5,4579.333333333333,95.75,0.5,0.0,2호선
이촌(국립중앙박물관),4호선,1,7,2,2,40,6,0,2,14,9,43,3,1,1,102,20,34,6,국립중앙박물관,주거/생활권 (일반),25.25,1273.75,5252.083333333333,12500.5,17345.25,12324.666666666666,10369.0,13287.666666666666,19932.166666666668,20893.5,23145.333333333332,28899.083333333332,37015.833333333336,38165.083333333336,32110.0,12141.833333333334,10062.083333333334,8597.916666666666,4403.666666666667,1577.0833333333333,171.83333333333334,1.5833333333333333,0.0,0.0,1.4166666666666667,945.25,8245.5,13156.333333333334,26329.916666666668,25030.833333333332,25801.333333333332,23272.166666666668,23940.25,28035.0,26081.833333333332,23656.0,20165.75,19213.75,23211.833333333332,15151.416666666666,9842.083333333334,8951.833333333334,7562.5,4165.666666666667,1204.0,68.58333333333333,0.16666666666666666,0.0,4호선
일원,3호선,2,7,4,5,52,4,0,1,14,2,26,1,0,0,29,9,19,12,,주거/생활권 (일반),8.833333333333334,2425.9166666666665,9158.5,25154.583333333332,25637.75,19063.833333333332,18946.25,19039.583333333332,19010.416666666668,17054.083333333332,18709.416666666668,23876.416666666668,29552.0,37627.083333333336,19303.333333333332,10636.416666666666,6847.583333333333,5095.0,3746.0833333333335,1382.9166666666667,150.66666666666666,0.5833333333333334,0.0,0.0,0.75,1645.0833333333333,12332.916666666666,33761.416666666664,26216.5,20463.166666666668,17246.083333333332,13016.416666666666,15298.666666666666,16428.666666666668,15916.083333333334,14968.416666666666,14542.25,17173.583333333332,23029.416666666668,18361.083333333332,12613.166666666666,11621.25,12351.5,5071.75,1590.9166666666667,29.75,0.0,0.0,3호선
잠실(송파구청),2호선,4,23,5,2,39,37,0,2,69,19,22,1,5,2,433,140,69,18,송파구청,주거/가정,83.25,13394.25,50633.833333333336,119928.41666666667,164063.83333333334,120454.16666666667,86588.25,88163.83333333333,100087.83333333333,110879.58333333333,122603.33333333333,146426.0,172794.16666666666,209170.08333333334,242203.0,175184.33333333334,171461.5,157842.16666666666,106272.91666666667,33086.25,5095.083333333333,7.583333333333333,0.0,0.0,9.833333333333334,4998.166666666667,35819.166666666664,80874.5,175422.08333333334,163630.25,129723.25,127831.41666666667,126715.08333333333,132002.91666666666,132720.16666666666,145563.58333333334,160654.33333333334,196212.16666666666,244830.08333333334,161161.75,106586.08333333333,95712.16666666667,84563.41666666667,45671.5,9715.583333333334,133.83333333333334,0.0,0.0,2호선
잠실나루,2호선,3,7,6,3,85,12,0,1,25,0,60,1,0,0,173,42,41,15,,주거/가정,7.5,3548.3333333333335,13346.083333333334,38499.25,47161.0,31632.083333333332,25419.583333333332,24613.0,23115.333333333332,21437.75,22565.083333333332,25479.0,33494.333333333336,38698.916666666664,29938.333333333332,14916.0,10820.583333333334,8032.416666666667,5654.166666666667,2597.1666666666665,408.9166666666667,0.5833333333333334,0.0,0.0,0.3333333333333333,3059.4166666666665,18193.5,22411.5,37172.75,23510.166666666668,18309.75,16443.25,20023.75,21251.833333333332,19833.666666666668,20665.583333333332,22612.916666666668,29144.583333333332,40753.75,29358.0,18884.333333333332,18231.083333333332,16897.833333333332,9074.25,2727.5833333333335,31.666666666666668,0.0,0.0,2호선
잠실새내,2호선,3,21,9,4,158,21,0,1,32,4,120,2,0,21,520,93,146,25,,주거/가정,47.833333333333336,5866.75,18811.583333333332,61257.5,83492.5,54594.0,37738.916666666664,35308.416666666664,37126.833333333336,36185.583333333336,33301.25,36578.166666666664,39838.416666666664,42989.583333333336,44068.5,32681.166666666668,28509.666666666668,28606.333333333332,27953.833333333332,14664.0,2521.0,3.75,0.0,0.0,1.8333333333333333,1027.4166666666667,9074.75,17540.916666666668,29602.583333333332,30833.5,25669.416666666668,27795.333333333332,31613.583333333332,36168.333333333336,39292.833333333336,45472.583333333336,53181.75,68560.08333333333,89524.33333333333,60926.166666666664,38390.083333333336,34289.416666666664,30862.25,16773.916666666668,4966.916666666667,92.08333333333333,0.0,0.0,2호선
잠원,3호선,2,6,7,3,52,5,0,1,13,0,45,2,0,0,51,12,40,10,,주거/가정,4.833333333333333,1471.5,5064.833333333333,14680.75,20277.833333333332,12818.083333333334,9569.75,9268.166666666666,9317.166666666666,9066.25,7915.166666666667,9896.916666666666,13181.333333333334,13620.416666666666,10449.75,6325.416666666667,4493.666666666667,4164.75,2933.3333333333335,917.8333333333334,152.75,0.3333333333333333,0.0,0.0,0.25,879.4166666666666,8881.0,7787.333333333333,10466.583333333334,7730.916666666667,5414.166666666667,5563.666666666667,6682.083333333333,7891.666666666667,7888.666666666667,9109.0,9404.833333333334,13000.166666666666,16586.416666666668,11640.416666666666,7992.75,7941.833333333333,8295.833333333334,3860.25,1216.8333333333333,2.3333333333333335,0.08333333333333333,0.0,3호선
제기동,1호선,1,16,6,1,25,32,1,1,23,4,61,2,2,11,227,50,31,30,,주거/생활권 (일반),351.8333333333333,5154.333333333333,8971.666666666666,21698.583333333332,31416.75,23137.083333333332,25076.416666666668,31747.0,37245.166666666664,39697.166666666664,44212.333333333336,47647.833333333336,47261.166666666664,44065.75,37795.083333333336,20497.166666666668,13632.0,8779.75,5496.666666666667,2302.3333333333335,184.33333333333334,3.1666666666666665,0.0,0.0,2.3333333333333335,2427.5,9944.083333333334,20800.333333333332,37615.416666666664,31787.666666666668,36669.0,45303.25,46666.416666666664,47748.416666666664,44621.5,37077.166666666664,34031.416666666664,27841.083333333332,26868.583333333332,17983.583333333332,12129.166666666666,11476.166666666666,9641.833333333334,6071.25,1491.8333333333333,6.583333333333333,0.0,0.0,1호선
종각,1호선,0,52,7,0,116,117,0,2,139,88,58,26,11,41,1200,354,95,31,,업무/오피스,124.25,4002.1666666666665,4212.416666666667,6681.583333333333,10361.0,13337.25,19095.5,29005.416666666668,34856.25,43703.5,56185.0,70333.08333333333,89244.5,159091.0,217761.5,98553.58333333333,87935.58333333333,87176.58333333333,61740.416666666664,26015.166666666668,1934.0,17.75,0.0,0.0,4.583333333333333,5954.25,35731.416666666664,114644.25,263081.6666666667,143380.08333333334,61906.333333333336,60209.75,54494.166666666664,54581.75,45893.833333333336,41552.0,43937.416666666664,49963.666666666664,50576.5,25410.666666666668,13769.166666666666,10221.416666666666,7413.416666666667,4555.416666666667,1247.4166666666667,7.416666666666667,0.0,0.0,1호선
종로3가,"1호선, 3호선",0,39,1,0,106,56,0,5,33,37,71,6,13,90,791,197,28,9,,여행/관광,102.5,2368.7916666666665,2698.3333333333335,4147.958333333333,6675.625,10283.041666666666,15143.125,21664.25,29065.458333333332,32125.708333333332,38763.25,45346.625,51731.75,64511.875,72062.625,42830.291666666664,35358.666666666664,36584.041666666664,28234.291666666668,12728.833333333334,1496.3333333333333,11.416666666666666,0.125,0.0,6.625,2072.1666666666665,9692.625,21390.708333333332,52630.583333333336,52062.958333333336,45678.083333333336,48188.75,46504.916666666664,43513.25,38936.5,34677.208333333336,33463.125,32242.416666666668,31072.708333333332,16982.166666666668,10087.708333333334,7972.583333333333,6222.041666666667,4099.833333333333,1604.9166666666667,28.25,0.041666666666666664,0.0,1호선
종로5가,1호선,0,26,3,1,14,54,0,2,61,13,67,4,10,39,502,117,57,37,,여행/관광,47.25,1915.5,3084.0833333333335,5941.0,10401.666666666666,14982.666666666666,24755.333333333332,35589.166666666664,43640.333333333336,51336.0,60084.666666666664,63377.416666666664,68976.58333333333,87570.25,89303.58333333333,47966.0,34561.0,30535.0,18765.916666666668,5520.083333333333,388.1666666666667,0.9166666666666666,0.0,0.0,1.5833333333333333,3747.5833333333335,16340.416666666666,40506.916666666664,88300.83333333333,62645.5,57121.666666666664,60148.083333333336,54974.583333333336,52483.833333333336,49122.75,42154.083333333336,39266.0,35443.5,31738.666666666668,18401.25,10748.666666666666,7822.0,6038.916666666667,3742.6666666666665,996.6666666666666,5.666666666666667,0.08333333333333333,0.0,1호선
종합운동장,2호선,0,12,0,2,7,8,0,2,8,2,18,1,0,2,39,10,6,2,,주거/생활권 (일반),10.666666666666666,1596.5,6243.083333333333,17148.916666666668,22768.5,16908.416666666668,12729.583333333334,12411.916666666666,14687.5,14544.666666666666,15651.416666666666,18552.5,27163.333333333332,32311.25,23783.5,17300.666666666668,32490.25,74759.66666666667,32182.916666666668,3524.4166666666665,364.75,5.166666666666667,0.0,0.0,1.25,1372.0,14422.583333333334,17962.666666666668,27119.416666666668,14885.916666666666,13524.583333333334,13182.833333333334,21074.416666666668,27057.25,19761.333333333332,26615.833333333332,44742.75,70380.41666666667,65400.0,22900.333333333332,12559.583333333334,12352.25,10721.75,5516.583333333333,1611.1666666666667,99.58333333333333,0.16666666666666666,0.0,2호선
지축,3호선,1,8,3,0,38,8,2,1,3,0,28,0,0,0,107,32,30,7,,주거/생활권 (일반),31.916666666666668,3233.9166666666665,11979.0,31253.416666666668,31836.916666666668,17374.083333333332,12111.416666666666,10350.25,11178.083333333334,10377.5,9669.75,10589.25,11387.583333333334,12439.166666666666,11244.5,7627.333333333333,6193.833333333333,5447.333333333333,4145.916666666667,1862.9166666666667,302.4166666666667,0.25,0.0,0.0,0.9166666666666666,724.0,4362.833333333333,6121.916666666667,12145.083333333334,8067.583333333333,6658.416666666667,6634.583333333333,7834.416666666667,9456.0,9343.166666666666,11406.75,14893.833333333334,19656.0,30789.416666666668,23717.75,15866.75,13883.75,11863.083333333334,6662.583333333333,1170.5833333333333,2.9166666666666665,0.0,0.0,3호선
창동,4호선,3,22,10,1,117,24,0,2,22,4,57,4,1,6,283,40,58,14,,주거/가정,1996.75,16920.083333333332,38844.583333333336,86790.16666666667,78857.91666666667,51810.5,43741.833333333336,43362.833333333336,44797.0,42801.833333333336,41337.0,46020.416666666664,51837.416666666664,52025.083333333336,53135.666666666664,31175.25,24257.333333333332,21053.083333333332,16429.333333333332,7210.416666666667,1310.1666666666667,3.3333333333333335,0.16666666666666666,0.0,56.75,2457.9166666666665,14226.5,21490.25,47161.333333333336,37602.75,33452.916666666664,33563.916666666664,40171.5,47383.25,48609.75,52417.166666666664,58930.083333333336,70936.41666666667,93648.83333333333,75902.25,48201.916666666664,41865.833333333336,37971.333333333336,22924.916666666668,8106.916666666667,201.0,0.16666666666666666,0.0,4호선
청량리(서울시립대입구),1호선,2,21,3,2,27,22,0,4,24,6,82,4,1,18,438,75,91,29,서울시립대입구,주거/가정,1084.1666666666667,10449.666666666666,18053.083333333332,48402.25,57563.583333333336,37149.833333333336,34082.75,40233.666666666664,45917.0,48711.5,51504.583333333336,55478.666666666664,57209.083333333336,53872.083333333336,46296.75,27014.166666666668,20990.833333333332,16441.416666666668,10283.333333333334,4288.333333333333,335.0,1.1666666666666667,0.25,0.0,26.583333333333332,2950.4166666666665,10643.5,17385.166666666668,38993.166666666664,37745.666666666664,40638.083333333336,48526.166666666664,49240.0,50783.0,51587.083333333336,49598.5,49861.833333333336,51411.666666666664,60038.333333333336,38711.0,24597.833333333332,23248.833333333332,19956.25,12069.5,3846.5,21.916666666666668,0.25,0.0,1호선
총신대입구(이수),4호선,2,26,3,3,138,31,1,2,29,5,132,2,2,5,529,124,158,30,이수,교육/학원가,80.5,6142.166666666667,17538.416666666668,46864.333333333336,59096.5,38340.416666666664,29884.166666666668,29317.166666666668,31960.416666666668,32860.25,31089.833333333332,32863.666666666664,34917.666666666664,40032.083333333336,43495.833333333336,26893.583333333332,24477.333333333332,20600.166666666668,16854.666666666668,7646.583333333333,1128.5,7.25,0.0,0.0,2.0833333333333335,1141.3333333333333,12124.75,19081.916666666668,41174.333333333336,31124.166666666668,26358.75,26245.416666666668,29196.166666666668,32089.583333333332,34167.166666666664,40096.833333333336,46542.166666666664,57664.083333333336,78907.91666666667,48576.333333333336,29496.333333333332,25726.416666666668,21981.083333333332,12945.583333333334,3296.9166666666665,600.3333333333334,2.3333333333333335,0.0,4호선
충무로,"3호선, 4호선",0,37,1,0,17,73,1,2,43,19,59,8,7,55,692,178,32,13,,여행/관광,35.625,1687.5,2930.4166666666665,6197.625,10875.958333333334,14263.25,16157.75,17523.75,17222.125,20449.083333333332,23435.75,26318.125,33345.541666666664,53297.0,77972.91666666667,35312.875,28197.791666666668,26524.666666666668,20925.333333333332,11439.875,2078.125,3.625,0.0,0.0,2.2916666666666665,1410.75,11483.5,30477.458333333332,88839.58333333333,51549.333333333336,29681.625,25096.833333333332,23415.666666666668,23765.208333333332,20581.0,19255.958333333332,20933.5,24156.166666666668,26098.666666666668,16392.25,11907.958333333334,12057.166666666666,11376.166666666666,7644.583333333333,2184.6666666666665,110.83333333333333,0.25,0.0,3호선
충정로(경기대입구),2호선,0,24,3,2,22,43,0,2,19,6,41,4,3,7,281,70,16,2,경기대입구,주거/생활권 (일반),19.083333333333332,3367.3333333333335,6569.333333333333,15790.916666666666,22542.166666666668,15251.916666666666,12088.166666666666,12637.416666666666,13180.583333333334,13600.666666666666,13687.083333333334,14852.416666666666,18392.5,33613.5,46340.666666666664,15542.0,10943.583333333334,9633.916666666666,6425.0,2932.9166666666665,628.25,2.25,0.0,0.0,0.9166666666666666,981.5,6566.166666666667,24757.166666666668,60889.25,27351.916666666668,12764.25,11157.416666666666,11588.833333333334,13962.333333333334,12332.666666666666,12899.5,14341.166666666666,17984.833333333332,22348.916666666668,15253.25,11186.666666666666,10975.25,9943.75,6222.666666666667,1888.75,60.083333333333336,0.08333333333333333,0.0,2호선
학여울,3호선,1,4,1,0,46,9,2,1,8,4,28,0,1,0,29,8,6,3,,주거/생활권 (일반),1.25,655.0,2118.8333333333335,4486.833333333333,4648.166666666667,3545.4166666666665,2961.4166666666665,3397.25,4230.583333333333,4790.833333333333,4971.166666666667,5609.083333333333,6903.333333333333,8543.166666666666,8013.5,2976.5833333333335,1990.1666666666667,1644.4166666666667,1219.75,298.3333333333333,41.916666666666664,0.16666666666666666,0.0,0.0,0.0,214.66666666666666,1871.25,3474.9166666666665,8310.166666666666,6688.916666666667,5412.916666666667,4392.083333333333,4629.75,5332.416666666667,4673.916666666667,4230.333333333333,3839.8333333333335,4275.25,4887.75,3770.3333333333335,2588.4166666666665,2289.9166666666665,2032.25,1144.1666666666667,370.9166666666667,1.1666666666666667,0.08333333333333333,0.0,3호선
한성대입구(삼선교),4호선,1,13,3,5,63,11,1,1,20,30,48,2,0,13,266,74,42,14,삼선교,대학가,55.75,6717.083333333333,12878.25,29606.583333333332,36962.0,27266.833333333332,21100.916666666668,20576.916666666668,23608.5,25218.833333333332,24086.416666666668,27293.833333333332,33862.416666666664,36737.916666666664,32907.416666666664,20693.416666666668,17549.166666666668,15784.666666666666,11246.333333333334,5038.416666666667,764.0833333333334,1.5,0.25,0.0,2.3333333333333335,1473.3333333333333,9042.166666666666,17373.75,31645.416666666668,27095.166666666668,21208.916666666668,21156.0,21500.5,22083.583333333332,22577.75,22850.166666666668,25910.416666666668,31611.75,37099.25,29267.666666666668,19995.583333333332,18970.25,17553.833333333332,11404.583333333334,5734.916666666667,1429.1666666666667,0.16666666666666666,0.0,4호선
한양대,2호선,0,13,1,2,5,16,0,1,20,6,11,2,1,2,116,32,13,4,,대학가,5.25,1115.1666666666667,2698.1666666666665,5692.833333333333,9060.916666666666,6978.583333333333,8311.333333333334,14116.0,16521.833333333332,18408.333333333332,22130.083333333332,27980.166666666668,36973.0,47200.583333333336,39704.916666666664,19420.0,15798.083333333334,16549.166666666668,11776.0,7296.916666666667,1566.4166666666667,1.0,0.0,0.0,1.0,635.6666666666666,7705.083333333333,12994.666666666666,56662.833333333336,50929.5,40741.5,17547.5,31814.5,24168.0,19268.666666666668,14765.833333333334,12459.333333333334,14912.5,18226.75,10134.583333333334,7087.75,6526.666666666667,6233.166666666667,4320.416666666667,1391.6666666666667,13.916666666666666,0.16666666666666666,0.0,2호선
합정,2호선,1,39,6,2,92,59,1,2,26,40,82,3,2,25,732,243,53,15,,젊은층/상권,131.91666666666666,10404.916666666666,16926.166666666668,39091.916666666664,50757.333333333336,34562.666666666664,27756.083333333332,30899.75,36699.75,41012.25,43865.083333333336,48808.916666666664,58370.916666666664,78452.58333333333,113757.75,77387.75,66248.0,72727.16666666667,68670.16666666667,36006.666666666664,6127.666666666667,13.5,0.0,0.0,11.5,2962.5833333333335,13129.916666666666,31257.833333333332,91975.0,84976.0,53478.0,50783.666666666664,54702.75,61214.0,55816.25,57919.166666666664,68326.91666666667,86888.66666666667,115645.58333333333,78482.75,44830.833333333336,36888.083333333336,32273.5,22349.666666666668,8200.75,203.83333333333334,0.0,0.0,2호선
혜화,4호선,2,23,4,7,38,59,1,1,35,194,34,2,7,14,544,215,33,18,,대학가,23.666666666666668,3326.75,7852.666666666667,17425.666666666668,22369.916666666668,26107.916666666668,33323.5,39499.0,42947.833333333336,45844.833333333336,59772.666666666664,82542.5,99049.66666666667,116988.91666666667,121737.75,75037.41666666667,79617.25,103016.5,92740.08333333333,31110.833333333332,3976.9166666666665,7.666666666666667,0.08333333333333333,0.0,1.0,2061.3333333333335,23455.166666666668,50625.166666666664,114756.75,89316.16666666667,68858.25,67845.58333333333,79809.83333333333,97692.16666666667,83500.0,67430.66666666667,65280.25,75700.58333333333,83532.83333333333,58462.083333333336,23326.916666666668,21474.583333333332,18523.083333333332,11397.166666666666,3410.3333333333335,411.5833333333333,0.08333333333333333,0.0,4호선
홍대입구,2호선,1,52,0,1,192,73,1,3,42,53,94,3,9,106,993,433,108,19,,대학가,954.4166666666666,25698.833333333332,30055.333333333332,59634.166666666664,78532.33333333333,62943.333333333336,59775.666666666664,68659.33333333333,80685.16666666667,95323.0,107550.0,131136.75,161509.66666666666,188893.83333333334,212914.91666666666,181200.0,180202.58333333334,203381.41666666666,193186.66666666666,96101.75,12269.833333333334,27.75,0.0,0.0,35.916666666666664,3425.0,17629.666666666668,41218.75,110529.08333333333,142219.83333333334,119202.91666666667,141617.33333333334,164115.41666666666,179540.83333333334,171489.16666666666,172061.5,181816.16666666666,205756.83333333334,239681.0,173962.41666666666,110493.16666666667,89778.0,73141.66666666667,50388.5,18596.583333333332,1991.0,2.9166666666666665,0.0,2호선
홍제,3호선,2,10,2,3,53,20,1,1,25,2,54,2,1,5,324,54,85,25,,주거/생활권 (일반),94.91666666666667,10012.0,23781.666666666668,62876.583333333336,69671.16666666667,45213.0,33402.833333333336,30591.75,32133.333333333332,29840.583333333332,27682.333333333332,28240.25,30054.666666666668,29954.0,27819.916666666668,15820.083333333334,12579.75,9954.083333333334,7053.333333333333,2838.6666666666665,426.6666666666667,0.8333333333333334,0.25,0.0,6.583333333333333,1325.25,6867.0,10911.416666666666,24667.083333333332,20585.583333333332,19564.083333333332,19306.416666666668,20493.5,22507.583333333332,25779.916666666668,31089.166666666668,36483.083333333336,45457.916666666664,63785.583333333336,50812.916666666664,32187.916666666668,28998.0,24206.333333333332,14748.0,3759.1666666666665,6.083333333333333,0.25,0.0,3호선
회현(남대문시장),4호선,0,35,0,1,10,67,1,1,111,18,39,26,5,68,600,173,59,20,남대문시장,업무/오피스,26.5,1484.5833333333333,3603.9166666666665,5358.666666666667,9554.25,14261.916666666666,20445.0,31906.166666666668,41466.583333333336,52644.166666666664,65484.75,77306.33333333333,92486.41666666667,112464.66666666667,126105.5,62062.583333333336,55340.916666666664,22948.833333333332,12883.25,4610.583333333333,612.8333333333334,2.75,0.08333333333333333,0.08333333333333333,1.1666666666666667,792.9166666666666,23798.666666666668,56274.083333333336,148619.58333333334,100269.08333333333,82141.58333333333,79738.5,65506.416666666664,58803.0,54182.0,44758.583333333336,35086.833333333336,28624.083333333332,23874.416666666668,14318.75,8330.916666666666,7673.833333333333,6393.083333333333,3989.1666666666665,1193.1666666666667,79.25,0.16666666666666666,0.0,4호선
